target_token,token_position_1based,utt_id,year,session_id,dialogue_id,speaker_id,form,original_form,start,end,note,pron_reference_form,pron_reference_hangul,pron_reference_source,pron_reference_status,source_search_master_csv,raw_json_path,raw_json_form,raw_json_original_form,raw_json_dialogue_id,raw_json_speaker_id,raw_json_start,raw_json_end,raw_json_note,raw_json_match_status
읊으면서,3,SDRW2000000115.1.1.191,2020,SDRW2000000115,SDRW2000000115.1,SD2000175,시를 이제 읊으면서 끝나잖아요.,시를 이제 읊으면서 끝나잖아요.,500.73108,502.98305,,시를 이제 읊으면서 끝나잖아요.,시를 이제 을프면서 끈나자나요,form_rule_prediction,resolved_form,D:\10_LAYERS\05_search_master_pre_mfa_staging\pre_mfa_v1_20260725\2020\SDRW2000000115.csv,D:\00_RAW\dialogue_json\NIKL_DIALOGUE_2020_v1.4\NIKL_DIALOGUE_2020_v1.4\SDRW2000000115.json,시를 이제 읊으면서 끝나잖아요.,시를 이제 읊으면서 끝나잖아요.,SDRW2000000115.1,SD2000175,500.73108,502.98305,,exact
읊어보라고,4,SDRW2000001801.1.1.66,2020,SDRW2000001801,SDRW2000001801.1,SD2002222,그 스케줄을 누가 읊어보라고 하면,그 스케줄을 누가 읊어보라고 하면,148.39808,151.22902,,그 스케줄을 누가 읊어보라고 하면,그 스케주를 누가 을퍼보라고 하면,form_rule_prediction,resolved_form,D:\10_LAYERS\05_search_master_pre_mfa_staging\pre_mfa_v1_20260725\2020\SDRW2000001801.csv,D:\00_RAW\dialogue_json\NIKL_DIALOGUE_2020_v1.4\NIKL_DIALOGUE_2020_v1.4\SDRW2000001801.json,그 스케줄을 누가 읊어보라고 하면,그 스케줄을 누가 읊어보라고 하면,SDRW2000001801.1,SD2002222,148.39808,151.22902,,exact
읊어놓고,1,SDRW2000002214.1.1.232,2020,SDRW2000002214,SDRW2000002214.1,SD2001370,읊어놓고 있잖아.,읊어놓고 있잖아.,524.78706,526.92206,,읊어놓고 있잖아.,을퍼노코 읻짜나,form_rule_prediction,resolved_form,D:\10_LAYERS\05_search_master_pre_mfa_staging\pre_mfa_v1_20260725\2020\SDRW2000002214.csv,D:\00_RAW\dialogue_json\NIKL_DIALOGUE_2020_v1.4\NIKL_DIALOGUE_2020_v1.4\SDRW2000002214.json,읊어놓고 있잖아.,읊어놓고 있잖아.,SDRW2000002214.1,SD2001370,524.78706,526.92206,,exact
읊어봐,3,SDRW2100001599.1.1.59,2021,SDRW2100001599,SDRW2100001599.1,SD2101599,무슨 얘기했는지 읊어봐.,무슨 얘기했는지 일퍼봐.,90.526,92.56,발화겹침,무슨 얘기했는지 읊어봐.,무슨 얘기핸는지 을퍼봐,form_rule_prediction,resolved_form,D:\10_LAYERS\05_search_master_pre_mfa_staging\pre_mfa_v1_20260725\2021\SDRW2100001599.csv,D:\00_RAW\dialogue_json\NIKL_DIALOGUE_2021_v1.1\NIKL_DIALOGUE_2021_v1.1\SDRW2100001599.json,무슨 얘기했는지 읊어봐.,무슨 얘기했는지 일퍼봐.,SDRW2100001599.1,SD2101599,90.526,92.56,발화겹침,exact
읊어야,4,SDRW2100001722.1.1.56,2021,SDRW2100001722,SDRW2100001722.1,SD2101678,차 모이면서 그거를 읊어야 된다는 거야.,차 모이면서 그거를 읊어야 된다는 거야.,139.38634,142.59092,,차 모이면서 그거를 읊어야 된다는 거야.,차 모이면서 그거를 을퍼야 된다는 거야,form_rule_prediction,resolved_form,D:\10_LAYERS\05_search_master_pre_mfa_staging\pre_mfa_v1_20260725\2021\SDRW2100001722.csv,D:\00_RAW\dialogue_json\NIKL_DIALOGUE_2021_v1.1\NIKL_DIALOGUE_2021_v1.1\SDRW2100001722.json,차 모이면서 그거를 읊어야 된다는 거야.,차 모이면서 그거를 읊어야 된다는 거야.,SDRW2100001722.1,SD2101678,139.38634,142.59092,,exact
읊을,8,SDRW2100002577.1.1.124,2021,SDRW2100002577,SDRW2100002577.1,SD2101374,다 가사 얘기하면 그 다음 사 가사 읊을 수 있을 정도로 막 얘기를 많이 했던 것 같아.,다 가사 얘기하면 그 다음 사 가사 읊을 수 있을 정도로 막 얘기를 많이 했던 거 같아.,404.77,409.35,,다 가사 얘기하면 그 다음 사 가사 읊을 수 있을 정도로 막 얘기를 많이 했던 것 같아.,다 가사 얘기하면 그 다음 사 가사 을플 수 이쓸 정도로 막 얘기를 마니 핻떤 걷 가타,form_rule_prediction,resolved_form,D:\10_LAYERS\05_search_master_pre_mfa_staging\pre_mfa_v1_20260725\2021\SDRW2100002577.csv,D:\00_RAW\dialogue_json\NIKL_DIALOGUE_2021_v1.1\NIKL_DIALOGUE_2021_v1.1\SDRW2100002577.json,다 가사 얘기하면 그 다음 사 가사 읊을 수 있을 정도로 막 얘기를 많이 했던 것 같아.,다 가사 얘기하면 그 다음 사 가사 읊을 수 있을 정도로 막 얘기를 많이 했던 거 같아.,SDRW2100002577.1,SD2101374,404.77,409.35,,exact
읊는다는,4,SDRW2100004088.1.1.138,2021,SDRW2100004088,SDRW2100004088.1,SD2103155,뭐 풍 풍월을 읊는다는 그런,뭐 풍 풍월을 읊는다는 그런,380.57,383.459,,뭐 풍 풍월을 읊는다는 그런,뭐 풍 풍워를 음는다는 그런,form_rule_prediction,resolved_form,D:\10_LAYERS\05_search_master_pre_mfa_staging\pre_mfa_v1_20260725\2021\SDRW2100004088.csv,D:\00_RAW\dialogue_json\NIKL_DIALOGUE_2021_v1.1\NIKL_DIALOGUE_2021_v1.1\SDRW2100004088.json,뭐 풍 풍월을 읊는다는 그런,뭐 풍 풍월을 읊는다는 그런,SDRW2100004088.1,SD2103155,380.57,383.459,,exact
읊는,1,SDRW2200001192.1.1.182,2022,SDRW2200001192,SDRW2200001192.1,SD2211259,읊는 게 아니라 그냥,읊는 게 아니라 그냥,364.67,365.77249,,읊는 게 아니라 그냥,음는 게 아니라 그냥,form_rule_prediction,resolved_form,D:\10_LAYERS\05_search_master_pre_mfa_staging\pre_mfa_v1_20260725\2022\SDRW2200001192.csv,D:\00_RAW\dialogue_json\NIKL_DIALOGUE_2022_v1.0_JSON\NIKL_DIALOGUE_2022_v1.0\SDRW2200001192.json,읊는 게 아니라 그냥,읊는 게 아니라 그냥,SDRW2200001192.1,SD2211259,364.67,365.77249,,exact
읊고,4,SDRW2300000205.1.1.80,2023,SDRW2300000205,SDRW2300000205.1,SD2300199,막 특징을 다 읊고 그러는데 전 딱 제 것만 알아 가지고,막 특징을 다 읊고 그러는데 전 딱 제 것만 알아 가지고,238.06582,242.05082,,막 특징을 다 읊고 그러는데 전 딱 제 것만 알아 가지고,막 특찡을 다 읍꼬 그러는데 전 딱 제 건만 아라 가지고,form_rule_prediction,resolved_form,D:\10_LAYERS\05_search_master_pre_mfa_staging\pre_mfa_v1_20260725\2023\SDRW2300000205.csv,D:\00_RAW\dialogue_json\NIKL_DIALOGUE_2023_v1.1\NIKL_DIALOGUE_2023_v1.1\SDRW2300000205.json,막 특징을 다 읊고 그러는데 전 딱 제 것만 알아 가지고,막 특징을 다 읊고 그러는데 전 딱 제 것만 알아 가지고,SDRW2300000205.1,SD2300199,238.06582,242.05082,,exact
읊으시기도,13,SDRW2300000212.1.1.283,2023,SDRW2300000212,SDRW2300000212.1,SD2300191,뭐 초반 뭐 이렇게 시작하기 전에 뭐 아버님께서 뭘 이렇게 부르시면서 이렇게 읊으시기도 하고,뭐~ 초반 뭐~ 이렇게 시작하기 전에 뭐~ 아버님께서 뭘 이렇게 불르시면서 이렇게 읊으시기도 하고,881.44448,886.89104,,뭐 초반 뭐 이렇게 시작하기 전에 뭐 아버님께서 뭘 이렇게 부르시면서 이렇게 읊으시기도 하고,뭐 초반 뭐 이러케 시자카기 저네 뭐 아버님께서 뭘 이러케 부르시면서 이러케 을프시기도 하고,form_rule_prediction,resolved_form,D:\10_LAYERS\05_search_master_pre_mfa_staging\pre_mfa_v1_20260725\2023\SDRW2300000212.csv,D:\00_RAW\dialogue_json\NIKL_DIALOGUE_2023_v1.1\NIKL_DIALOGUE_2023_v1.1\SDRW2300000212.json,뭐 초반 뭐 이렇게 시작하기 전에 뭐 아버님께서 뭘 이렇게 부르시면서 이렇게 읊으시기도 하고,뭐~ 초반 뭐~ 이렇게 시작하기 전에 뭐~ 아버님께서 뭘 이렇게 불르시면서 이렇게 읊으시기도 하고,SDRW2300000212.1,SD2300191,881.44448,886.89104,,exact
읊는다잖아요,7,SDRW2300000337.1.1.142,2023,SDRW2300000337,SDRW2300000337.1,SD2300313,원래 속담에 서당개가 3년이면 풍월을 읊는다잖아요.,원래 속담에 서당개가 삼 년이면 풍월을 읊는다잖아요.,289.25618,293.20031,,원래 속담에 서당개가 삼 년이면 풍월을 읊는다잖아요.,월래 속따메 서당개가 삼 녀니면 풍워를 음는다자나요,original_form_placeholder_resolution,resolved_original_form,D:\10_LAYERS\05_search_master_pre_mfa_staging\pre_mfa_v1_20260725\2023\SDRW2300000337.csv,D:\00_RAW\dialogue_json\NIKL_DIALOGUE_2023_v1.1\NIKL_DIALOGUE_2023_v1.1\SDRW2300000337.json,원래 속담에 서당개가 3년이면 풍월을 읊는다잖아요.,원래 속담에 서당개가 삼 년이면 풍월을 읊는다잖아요.,SDRW2300000337.1,SD2300313,289.25618,293.20031,,exact
읊는,12,SDRW2300000337.1.1.143,2023,SDRW2300000337,SDRW2300000337.1,SD2300313,그래서 아마 복진이도 이름처럼 복이 많아 가지고 3년 되니까 풍월을 읊는 강아지가 된 거 같아서 너무 예쁜 거 같아요.,그서 아마 복진이도 이름처럼 복이 많아 가지고 삼 년 되니까 풍월을 읊는 강아지가 된 거 같아서 너무 예쁜 거 같아요.,293.29619,300.8012,,그서 아마 복진이도 이름처럼 복이 많아 가지고 삼 년 되니까 풍월을 읊는 강아지가 된 거 같아서 너무 예쁜 거 같아요.,그서 아마 복찌니도 이름처럼 보기 마나 가지고 삼 년 되니까 풍워를 음는 강아지가 된 거 가타서 너무 예쁜 거 가타요,original_form_placeholder_resolution,resolved_original_form,D:\10_LAYERS\05_search_master_pre_mfa_staging\pre_mfa_v1_20260725\2023\SDRW2300000337.csv,D:\00_RAW\dialogue_json\NIKL_DIALOGUE_2023_v1.1\NIKL_DIALOGUE_2023_v1.1\SDRW2300000337.json,그래서 아마 복진이도 이름처럼 복이 많아 가지고 3년 되니까 풍월을 읊는 강아지가 된 거 같아서 너무 예쁜 거 같아요.,그서 아마 복진이도 이름처럼 복이 많아 가지고 삼 년 되니까 풍월을 읊는 강아지가 된 거 같아서 너무 예쁜 거 같아요.,SDRW2300000337.1,SD2300313,293.29619,300.8012,,exact
읊으려면,2,SDRW2300001040.1.1.293,2023,SDRW2300001040,SDRW2300001040.1,SD2301139,쭉 읊으려면 읊을 수 있어.,쭉 읊으려면 읊을 수 있어.,607.63196,609.39696,,쭉 읊으려면 읊을 수 있어.,쭉 을프려면 을플 수 이써,form_rule_prediction,resolved_form,D:\10_LAYERS\05_search_master_pre_mfa_staging\pre_mfa_v1_20260725\2023\SDRW2300001040.csv,D:\00_RAW\dialogue_json\NIKL_DIALOGUE_2023_v1.1\NIKL_DIALOGUE_2023_v1.1\SDRW2300001040.json,쭉 읊으려면 읊을 수 있어.,쭉 읊으려면 읊을 수 있어.,SDRW2300001040.1,SD2301139,607.63196,609.39696,,exact
읊을,3,SDRW2300001040.1.1.293,2023,SDRW2300001040,SDRW2300001040.1,SD2301139,쭉 읊으려면 읊을 수 있어.,쭉 읊으려면 읊을 수 있어.,607.63196,609.39696,,쭉 읊으려면 읊을 수 있어.,쭉 을프려면 을플 수 이써,form_rule_prediction,resolved_form,D:\10_LAYERS\05_search_master_pre_mfa_staging\pre_mfa_v1_20260725\2023\SDRW2300001040.csv,D:\00_RAW\dialogue_json\NIKL_DIALOGUE_2023_v1.1\NIKL_DIALOGUE_2023_v1.1\SDRW2300001040.json,쭉 읊으려면 읊을 수 있어.,쭉 읊으려면 읊을 수 있어.,SDRW2300001040.1,SD2301139,607.63196,609.39696,,exact
읊어줄까,2,SDRW2300001040.1.1.298,2023,SDRW2300001040,SDRW2300001040.1,SD2301139,다 읊어줄까?,다 읊어주까?,614.88195,615.82591,,다 읊어줄까?,다 을퍼줄까,form_rule_prediction,resolved_form,D:\10_LAYERS\05_search_master_pre_mfa_staging\pre_mfa_v1_20260725\2023\SDRW2300001040.csv,D:\00_RAW\dialogue_json\NIKL_DIALOGUE_2023_v1.1\NIKL_DIALOGUE_2023_v1.1\SDRW2300001040.json,다 읊어줄까?,다 읊어주까?,SDRW2300001040.1,SD2301139,614.88195,615.82591,,exact
읊어주겠니,1,SDRW2300001040.1.1.303,2023,SDRW2300001040,SDRW2300001040.1,SD2301140,읊어주겠니?,읊어주겠니?,623.74193,624.99991,,읊어주겠니?,을퍼주겐니,form_rule_prediction,resolved_form,D:\10_LAYERS\05_search_master_pre_mfa_staging\pre_mfa_v1_20260725\2023\SDRW2300001040.csv,D:\00_RAW\dialogue_json\NIKL_DIALOGUE_2023_v1.1\NIKL_DIALOGUE_2023_v1.1\SDRW2300001040.json,읊어주겠니?,읊어주겠니?,SDRW2300001040.1,SD2301140,623.74193,624.99991,,exact
읊어졌다는데,5,SDRW2300001424.1.1.214,2023,SDRW2300001424,SDRW2300001424.1,SD2301593,이런 식으로 편지 내용이 읊어졌다는데,이런 식으로 편지 내용이 읊어졌대는데,714.89239,717.4224,,이런 식으로 편지 내용이 읊어졌다는데,이런 시그로 편지 내용이 을퍼젿따는데,form_rule_prediction,resolved_form,D:\10_LAYERS\05_search_master_pre_mfa_staging\pre_mfa_v1_20260725\2023\SDRW2300001424.csv,D:\00_RAW\dialogue_json\NIKL_DIALOGUE_2023_v1.1\NIKL_DIALOGUE_2023_v1.1\SDRW2300001424.json,이런 식으로 편지 내용이 읊어졌다는데,이런 식으로 편지 내용이 읊어졌대는데,SDRW2300001424.1,SD2301593,714.89239,717.4224,,exact
읊는다고,6,SDRW2400000652.1.1.50,2024,SDRW2400000652,SDRW2400000652.1,SD2400823,이제 서당개도 3년이면 풍월을 읊는다고 이제 엔간한 국악 뭐 무대라든지 곡조라든지 그런 것들은 다 알게 됐고.,이제 서당개도 삼 년이면 풍월을 읊는다고 이제 엔간한 국악 뭐~ 무대라든지 곡조라든지 그런 것들은 다 알게 됐고.,218.15139,229.40675,,이제 서당개도 삼 년이면 풍월을 읊는다고 이제 엔간한 국악 뭐~ 무대라든지 곡조라든지 그런 것들은 다 알게 됐고.,이제 서당개도 삼 녀니면 풍워를 음는다고 이제 엔간한 구각 뭐 무대라든지 곡쪼라든지 그런 걷뜨른 다 알게 됃꼬,original_form_placeholder_resolution,resolved_original_form,D:\10_LAYERS\05_search_master_pre_mfa_staging\pre_mfa_v1_20260725\2024\SDRW2400000652.csv,D:\00_RAW\dialogue_json\NIKL_DIALOGUE_2024_v1.0\NIKL_DIALOGUE_2024_v1.0\SDRW2400000652.json,이제 서당개도 3년이면 풍월을 읊는다고 이제 엔간한 국악 뭐 무대라든지 곡조라든지 그런 것들은 다 알게 됐고.,이제 서당개도 삼 년이면 풍월을 읊는다고 이제 엔간한 국악 뭐~ 무대라든지 곡조라든지 그런 것들은 다 알게 됐고.,SDRW2400000652.1,SD2400823,218.15139,229.40675,,exact
읊어서,5,SDRW2400001199.1.1.58,2024,SDRW2400001199,SDRW2400001199.1,SD2401002,요즘은 사랑을 아주 시로 읊어서,요즘은 사랑을 아주 시로 을버서,238.61737,241.24678,,요즘은 사랑을 아주 시로 읊어서,요즈믄 사랑을 아주 시로 을퍼서,form_rule_prediction,resolved_form,D:\10_LAYERS\05_search_master_pre_mfa_staging\pre_mfa_v1_20260725\2024\SDRW2400001199.csv,D:\00_RAW\dialogue_json\NIKL_DIALOGUE_2024_v1.0\NIKL_DIALOGUE_2024_v1.0\SDRW2400001199.json,요즘은 사랑을 아주 시로 읊어서,요즘은 사랑을 아주 시로 을버서,SDRW2400001199.1,SD2401002,238.61737,241.24678,,exact
읊으는,6,SDRW2400002478.1.1.26,2024,SDRW2400002478,SDRW2400002478.1,SD2401699,어 걔가 이렇게 여렴풋이 나한테 읊으는 거 보니까 어 얼추 내 성격하고 맞는 거 같아. 근데 요즘에는,어~ 걔가 이케 얼풋 나한테 읊으능 거 보니까 어~ 얼추 내 성격하고 맞능 거 같애. 근데 요즘에는,97.23291,104.46114,,어 걔가 이렇게 여렴풋이 나한테 읊으는 거 보니까 어 얼추 내 성격하고 맞는 거 같아. 근데 요즘에는,어 걔가 이러케 여렴푸시 나한테 을프는 거 보니까 어 얼추 내 성겨카고 만는 거 가타 근데 요즈메는,form_rule_prediction,resolved_form,D:\10_LAYERS\05_search_master_pre_mfa_staging\pre_mfa_v1_20260725\2024\SDRW2400002478.csv,D:\00_RAW\dialogue_json\NIKL_DIALOGUE_2024_v1.0\NIKL_DIALOGUE_2024_v1.0\SDRW2400002478.json,어 걔가 이렇게 여렴풋이 나한테 읊으는 거 보니까 어 얼추 내 성격하고 맞는 거 같아. 근데 요즘에는,어~ 걔가 이케 얼풋 나한테 읊으능 거 보니까 어~ 얼추 내 성격하고 맞능 거 같애. 근데 요즘에는,SDRW2400002478.1,SD2401699,97.23291,104.46114,,exact
읊었다는,4,SARW2500000384.1.1.109,2025,SARW2500000384,SARW2500000384.1,SD2502087,그런 여름날을 시인이 읊었다는 평가를 받는 시입니다.,그런 여름날을 시인이 읊었다는 평가를 받는 시입니다.,598.42255,604.309,,그런 여름날을 시인이 읊었다는 평가를 받는 시입니다.,그런 여름나를 시이니 을펃따는 평가를 반는 시임니다,form_rule_prediction,resolved_form,D:\10_LAYERS\05_search_master_pre_mfa_staging\pre_mfa_v1_20260725\2025\SARW2500000384.csv,D:\00_RAW\dialogue_json\NIKL_DIALOGUE_2025_v1.0\SARW2500000384.json,그런 여름날을 시인이 읊었다는 평가를 받는 시입니다.,그런 여름날을 시인이 읊었다는 평가를 받는 시입니다.,SARW2500000384.1,SD2502087,598.42255,604.309,,exact
읊은,5,SARW2500000384.1.1.122,2025,SARW2500000384,SARW2500000384.1,SD2502087,여름 저녁에 고요한 휴식을 읊은 시 고적의 하일산중이라는 시 오늘은 보여 드릴게요.,여름 저녁에 교요한 휴식을 읊은 시 고적에 하일산중이라는 시 오늘은 보여 드릴게요.,670.61,678.59,,여름 저녁에 고요한 휴식을 읊은 시 고적의 하일산중이라는 시 오늘은 보여 드릴게요.,여름 저녀게 고요한 휴시글 을픈 시 고저긔 하일산중이라는 시 오느른 보여 드릴게요,form_rule_prediction,resolved_form,D:\10_LAYERS\05_search_master_pre_mfa_staging\pre_mfa_v1_20260725\2025\SARW2500000384.csv,D:\00_RAW\dialogue_json\NIKL_DIALOGUE_2025_v1.0\SARW2500000384.json,여름 저녁에 고요한 휴식을 읊은 시 고적의 하일산중이라는 시 오늘은 보여 드릴게요.,여름 저녁에 교요한 휴식을 읊은 시 고적에 하일산중이라는 시 오늘은 보여 드릴게요.,SARW2500000384.1,SD2502087,670.61,678.59,,exact
읊었습니다,8,SARW2500000384.1.1.155,2025,SARW2500000384,SARW2500000384.1,SD2502087,나 여름을 만끽하고 있어라고 고적이 하일산중이라는 시에 읊었습니다.,나 여름을 만끽하고 있어라고 고적이 하일산중이라는 시에 읊었습니다.,846.93328,852.94,,나 여름을 만끽하고 있어라고 고적이 하일산중이라는 시에 읊었습니다.,나 여르믈 만끼카고 이써라고 고저기 하일산중이라는 시에 을펃씀니다,form_rule_prediction,resolved_form,D:\10_LAYERS\05_search_master_pre_mfa_staging\pre_mfa_v1_20260725\2025\SARW2500000384.csv,D:\00_RAW\dialogue_json\NIKL_DIALOGUE_2025_v1.0\SARW2500000384.json,나 여름을 만끽하고 있어라고 고적이 하일산중이라는 시에 읊었습니다.,나 여름을 만끽하고 있어라고 고적이 하일산중이라는 시에 읊었습니다.,SARW2500000384.1,SD2502087,846.93328,852.94,,exact
읊은,5,SARW2500000384.1.1.47,2025,SARW2500000384,SARW2500000384.1,SD2502087,이런 정말 여름밤의 서늘함을 읊은 양만리의 시입니다.,이런 정말 여름밤에 서늘함을 읊은 양만리에 시입니다.,258.53871,265.294,,이런 정말 여름밤의 서늘함을 읊은 양만리의 시입니다.,이런 정말 여름바믜 서늘하믈 을픈 양말리의 시임니다,form_rule_prediction,resolved_form,D:\10_LAYERS\05_search_master_pre_mfa_staging\pre_mfa_v1_20260725\2025\SARW2500000384.csv,D:\00_RAW\dialogue_json\NIKL_DIALOGUE_2025_v1.0\SARW2500000384.json,이런 정말 여름밤의 서늘함을 읊은 양만리의 시입니다.,이런 정말 여름밤에 서늘함을 읊은 양만리에 시입니다.,SARW2500000384.1,SD2502087,258.53871,265.294,,exact
읊었는데,6,SDRW2500002085.1.1.100,2025,SDRW2500002085,SDRW2500002085.1,SD2501630,그걸 그냥 그대로 2020년도에 읊었는데,그걸 그냥 그대로 이천이십 년도에 읊었는데,528.42824,531.47113,,그걸 그냥 그대로 이천이십 년도에 읊었는데,그걸 그냥 그대로 이처니십 년도에 을펀는데,original_form_placeholder_resolution,resolved_original_form,D:\10_LAYERS\05_search_master_pre_mfa_staging\pre_mfa_v1_20260725\2025\SDRW2500002085.csv,D:\00_RAW\dialogue_json\NIKL_DIALOGUE_2025_v1.0\SDRW2500002085.json,그걸 그냥 그대로 2020년도에 읊었는데,그걸 그냥 그대로 이천이십 년도에 읊었는데,SDRW2500002085.1,SD2501630,528.42824,531.47113,,exact
읊으라고,5,SDRW2500002345.1.1.153,2025,SDRW2500002345,SDRW2500002345.1,SD2501803,그래서 어 아직까지 스토리를 읊으라고 하면은 읊을 수 있을 정도로 기억이 나는데,그래서 어~ 아직까지 스토리를 읊으라고 하면은 읊을 수 있을 정도로 기억이 나는데,870.4,876.24329,,그래서 어 아직까지 스토리를 읊으라고 하면은 읊을 수 있을 정도로 기억이 나는데,그래서 어 아직까지 스토리를 을프라고 하며는 을플 수 이쓸 정도로 기어기 나는데,form_rule_prediction,resolved_form,D:\10_LAYERS\05_search_master_pre_mfa_staging\pre_mfa_v1_20260725\2025\SDRW2500002345.csv,D:\00_RAW\dialogue_json\NIKL_DIALOGUE_2025_v1.0\SDRW2500002345.json,그래서 어 아직까지 스토리를 읊으라고 하면은 읊을 수 있을 정도로 기억이 나는데,그래서 어~ 아직까지 스토리를 읊으라고 하면은 읊을 수 있을 정도로 기억이 나는데,SDRW2500002345.1,SD2501803,870.4,876.24329,,exact
읊을,7,SDRW2500002345.1.1.153,2025,SDRW2500002345,SDRW2500002345.1,SD2501803,그래서 어 아직까지 스토리를 읊으라고 하면은 읊을 수 있을 정도로 기억이 나는데,그래서 어~ 아직까지 스토리를 읊으라고 하면은 읊을 수 있을 정도로 기억이 나는데,870.4,876.24329,,그래서 어 아직까지 스토리를 읊으라고 하면은 읊을 수 있을 정도로 기억이 나는데,그래서 어 아직까지 스토리를 을프라고 하며는 을플 수 이쓸 정도로 기어기 나는데,form_rule_prediction,resolved_form,D:\10_LAYERS\05_search_master_pre_mfa_staging\pre_mfa_v1_20260725\2025\SDRW2500002345.csv,D:\00_RAW\dialogue_json\NIKL_DIALOGUE_2025_v1.0\SDRW2500002345.json,그래서 어 아직까지 스토리를 읊으라고 하면은 읊을 수 있을 정도로 기억이 나는데,그래서 어~ 아직까지 스토리를 읊으라고 하면은 읊을 수 있을 정도로 기억이 나는데,SDRW2500002345.1,SD2501803,870.4,876.24329,,exact
