study_id,query_set_id,query_id,query_version,query_role,year,utt_id,target_occurrence_id,matched_table,occurrence_index,session_id,speaker_id,base_form,active_form,active_form_source,base_orth_roman_v2,active_orth_roman_v2,base_primary_status,base_status_family,recovery_status,recovery_family,active_annotation_source,active_annotation_revision,wav_path,base_textgrid_path,curated_textgrid_path,active_textgrid_path,target_xmin,target_xmax,timing_status,quality_flags_json,inclusion_status,interpretation_limit,match_evidence_json
db_v1_target_manifest_infrastructure_pilot,target_manifest_pilot_20260818,Q0_ACTIVE_OVERLAY_SMOKE_2020,1,infrastructure_validation,2020,SDRW2000000115.1.1.149,Q0_ACTIVE_OVERLAY_SMOKE_2020:2020:SDRW2000000115.1.1.149:149,utterance_master_v2,149,SDRW2000000115,SD2000174,영화 잘 영화 잘알이,영화 잘,curated,YEO ng _ H WA | J A l | YEO ng _ H WA | J A l _ A l _ I,YEO ng _ H WA | J A l,post_mfa_technical_exclusion,technical_exclusion,curated_manual_word_overlay_pending_phone,curated_recovery,curated,D10_researcher_return_0001,D:\mfa_eojeol\r3\common_pron_mfa_r3_20260809\corpus\2020\SDRW2000000115\SDRW2000000115.1.1.149.wav,,D:\mfa_eojeol\recovery\common_pron_mfa_r3_20260809\D10_RESEARCHER_RETURN_0001\normalized\01_2020_SDRW2000000115.1.1.149.manual_overlay.TextGrid,D:\mfa_eojeol\recovery\common_pron_mfa_r3_20260809\D10_RESEARCHER_RETURN_0001\normalized\01_2020_SDRW2000000115.1.1.149.manual_overlay.TextGrid,,,pending_textgrid_interval_link,"[""base_status:post_mfa_technical_exclusion"", ""active_annotation:curated"", ""d9_phone_reference_only"", ""curated_morphology_pending""]",candidate_ready_for_manual_realization_review,RC1 curated pointer precedence test only; not a linguistic target,"{""age_norm"": ""20대"", ""align_warn"": """", ""birthplace_norm"": ""부산"", ""canonical_tagged"": ""영화/NNG | 잘/MAG | 영화/NNG | 잘알이/NNP"", ""category_norm"": ""구어 > 사적대화 > 일상대화"", ""co_speaker_ids"": ""SD2000175"", ""current_residence_norm"": ""부산"", ""date"": ""20200603"", ""dialogue_id"": ""SDRW2000000115.1"", ""dialogue_speaker_ids"": ""SD2000174 | SD2000175"", ""discourse_mode"": ""대화"", ""dur"": ""1.318"", ""education_ord"": ""5"", ""end"": ""400.25902"", ""form"": ""영화 잘 영화 잘알이"", ""form_roman"": ""YEO ng _ H WA | J A l | YEO ng _ H WA | J A l _ A l _ I"", ""form_roman_v2"": ""YEO ng _ H WA | J A l | YEO ng _ H WA | J A l _ A l _ I"", ""form_tagged_eojeol_count_equal"": ""True"", ""has_tg_eojeol"": ""미계산"", ""has_wav"": ""미계산"", ""in_ml2025_gold"": ""False"", ""legacy_tagged_roman_equal_v2"": ""True"", ""morph_boundary_count"": ""3"", ""morph_count_structured"": ""4"", ""morph_eojeol_count_structured"": ""4"", ""morph_parse_status"": ""ok"", ""morph_schema_version"": ""morph_search.v3"", ""morph_unit_count"": ""8"", ""n_co_speakers"": ""1"", ""n_dialogue_speakers"": ""2"", ""n_eojeol"": ""4"", ""n_morphs"": ""4"", ""note"": """", ""occupation_norm"": ""무직/취업준비생"", ""original_form"": ""영화 잘 영화 잘알이"", ""orth_eojeol_count_structured"": ""4"", ""position_schema_version"": ""morph_position.v1"", ""pron_pred_hangul"": ""영화 잘 영화 자라리"", ""pron_pred_ipa"": ""jʌŋ_hwa | tɕal | jʌŋ_hwa | tɕa_ɾa_ɾi"", ""pron_pred_roman"": ""YEO ng _ H WA | J A l | YEO ng _ H WA | J A _ R A _ R I"", ""pron_reference_form"": ""영화 잘 영화 잘알이"", ""pron_reference_form_roman"": ""YEO ng _ H WA | J A l | YEO ng _ H WA | J A l _ A l _ I"", ""pron_reference_hangul"": ""영화 잘 영화 자라리"", ""pron_reference_ipa"": ""jʌŋ_hwa | tɕal | jʌŋ_hwa | tɕa_ɾa_ɾi"", ""pron_reference_n_eojeol"": ""4"", ""pron_reference_roman"": ""YEO ng _ H WA | J A l | YEO ng _ H WA | J A _ R A _ R I"", ""pron_reference_source"": ""form_rule_prediction"", ""pron_reference_status"": ""resolved_form"", ""quarantined"": ""미계산"", ""relation"": ""기타"", ""roman_system_version"": ""roman_mfa.v1"", ""serialization_version"": ""tagged_roman.v2"", ""session_id"": ""SDRW2000000115"", ""sex"": ""여성"", ""speaker_id"": ""SD2000174"", ""start"": ""398.94107"", ""symbol_count"": ""0"", ""symbol_not_applicable_count"": ""0"", ""symbol_reading_resolved_count"": ""0"", ""symbol_reading_unresolved_count"": ""0"", ""symbol_schema_version"": ""symbol_reading.v1"", ""tagged"": ""영화/NNG 잘/MAG 영화/NNG 잘알이/NNP"", ""tagged_regeneration_equal"": ""True"", ""tagged_roman"": ""YEO ng _ H WA/NNG | J A l/MAG | YEO ng _ H WA/NNG | J A l _ A l _ I/NNP"", ""tagged_roman_v2"": ""YEO ng _ H WA/NNG | J A l/MAG | YEO ng _ H WA/NNG | J A l _ A l _ I/NNP"", ""topic"": ""영화 > 기생충, 칸영화제, 1917, 이창동, 봉준호, 스티븐 연"", ""utt_id"": ""SDRW2000000115.1.1.149"", ""utt_seq"": ""149"", ""year"": ""2020""}"
db_v1_target_manifest_infrastructure_pilot,target_manifest_pilot_20260818,Q0_ACTIVE_OVERLAY_SMOKE_2020,1,infrastructure_validation,2020,SDRW2000000180.1.1.67,Q0_ACTIVE_OVERLAY_SMOKE_2020:2020:SDRW2000000180.1.1.67:67,utterance_master_v2,67,SDRW2000000180,SD2000267,학 상자를 날아야 되니까는 상자를 날아야 되니깐은,학 상자를 날라야 되니까는,curated,H A k | S A ng _ J A _ R EU l | N A l _ A _ YA | D OE _ N I _ KK A _ N EU n | S A ng _ J A _ R EU l | N A l _ A _ YA | D OE _ N I _ KK A n _ EU n,H A k | S A ng _ J A _ R EU l | N A l _ R A _ YA | D OE _ N I _ KK A _ N EU n,post_mfa_technical_exclusion,technical_exclusion,curated_manual_word_overlay_pending_phone,curated_recovery,curated,D10_researcher_return_0001,D:\mfa_eojeol\r3\common_pron_mfa_r3_20260809\corpus\2020\SDRW2000000180\SDRW2000000180.1.1.67.wav,,D:\mfa_eojeol\recovery\common_pron_mfa_r3_20260809\D10_RESEARCHER_RETURN_0001\normalized\02_2020_SDRW2000000180.1.1.67.manual_overlay.TextGrid,D:\mfa_eojeol\recovery\common_pron_mfa_r3_20260809\D10_RESEARCHER_RETURN_0001\normalized\02_2020_SDRW2000000180.1.1.67.manual_overlay.TextGrid,,,pending_textgrid_interval_link,"[""base_status:post_mfa_technical_exclusion"", ""active_annotation:curated"", ""d9_phone_reference_only"", ""curated_morphology_pending""]",candidate_ready_for_manual_realization_review,RC1 curated pointer precedence test only; not a linguistic target,"{""age_norm"": ""20대"", ""align_warn"": """", ""birthplace_norm"": ""경북"", ""canonical_tagged"": ""학/NA | 상자/NNG + 를/JKO | 날/VV + 아야/EC | 되/VV + 니까는/EC | 상자/NNG + 를/JKO | 날/VV + 아야/EC | 되/VV + 니깐/EC + 은/JX"", ""category_norm"": ""구어 > 사적대화 > 일상대화"", ""co_speaker_ids"": ""SD2000266"", ""current_residence_norm"": ""대구"", ""date"": ""20200611"", ""dialogue_id"": ""SDRW2000000180.1"", ""dialogue_speaker_ids"": ""SD2000266 | SD2000267"", ""discourse_mode"": ""대화"", ""dur"": ""3.046"", ""education_ord"": ""4"", ""end"": ""138.57702"", ""form"": ""학 상자를 날아야 되니까는 상자를 날아야 되니깐은"", ""form_roman"": ""H A k | S A ng _ J A _ R EU l | N A l _ A _ YA | D OE _ N I _ KK A _ N EU n | S A ng _ J A _ R EU l | N A l _ A _ YA | D OE _ N I _ KK A n _ EU n"", ""form_roman_v2"": ""H A k | S A ng _ J A _ R EU l | N A l _ A _ YA | D OE _ N I _ KK A _ N EU n | S A ng _ J A _ R EU l | N A l _ A _ YA | D OE _ N I _ KK A n _ EU n"", ""form_tagged_eojeol_count_equal"": ""True"", ""has_tg_eojeol"": ""미계산"", ""has_wav"": ""미계산"", ""in_ml2025_gold"": ""False"", ""legacy_tagged_roman_equal_v2"": ""True"", ""morph_boundary_count"": ""13"", ""morph_count_structured"": ""14"", ""morph_eojeol_count_structured"": ""7"", ""morph_parse_status"": ""ok"", ""morph_schema_version"": ""morph_search.v3"", ""morph_unit_count"": ""21"", ""n_co_speakers"": ""1"", ""n_dialogue_speakers"": ""2"", ""n_eojeol"": ""7"", ""n_morphs"": ""14"", ""note"": """", ""occupation_norm"": ""학생"", ""original_form"": ""학 상자를 날라야 되니까는 상자를 날라야 되니깐은"", ""orth_eojeol_count_structured"": ""7"", ""position_schema_version"": ""morph_position.v1"", ""pron_pred_hangul"": ""학 상자를 나라야 되니까는 상자를 나라야 되니까는"", ""pron_pred_ipa"": ""hak̚ | saŋ_tɕa_ɾɯl | na_ɾa_ja | twe_ni_k*a_nɯn | saŋ_tɕa_ɾɯl | na_ɾa_ja | twe_ni_k*a_nɯn"", ""pron_pred_roman"": ""H A k | S A ng _ J A _ R EU l | N A _ R A _ YA | D OE _ N I _ KK A _ N EU n | S A ng _ J A _ R EU l | N A _ R A _ YA | D OE _ N I _ KK A _ N EU n"", ""pron_reference_form"": ""학 상자를 날아야 되니까는 상자를 날아야 되니깐은"", ""pron_reference_form_roman"": ""H A k | S A ng _ J A _ R EU l | N A l _ A _ YA | D OE _ N I _ KK A _ N EU n | S A ng _ J A _ R EU l | N A l _ A _ YA | D OE _ N I _ KK A n _ EU n"", ""pron_reference_hangul"": ""학 상자를 나라야 되니까는 상자를 나라야 되니까는"", ""pron_reference_ipa"": ""hak̚ | saŋ_tɕa_ɾɯl | na_ɾa_ja | twe_ni_k*a_nɯn | saŋ_tɕa_ɾɯl | na_ɾa_ja | twe_ni_k*a_nɯn"", ""pron_reference_n_eojeol"": ""7"", ""pron_reference_roman"": ""H A k | S A ng _ J A _ R EU l | N A _ R A _ YA | D OE _ N I _ KK A _ N EU n | S A ng _ J A _ R EU l | N A _ R A _ YA | D OE _ N I _ KK A _ N EU n"", ""pron_reference_source"": ""form_rule_prediction"", ""pron_reference_status"": ""resolved_form"", ""quarantined"": ""미계산"", ""relation"": ""기타"", ""roman_system_version"": ""roman_mfa.v1"", ""serialization_version"": ""tagged_roman.v2"", ""session_id"": ""SDRW2000000180"", ""sex"": ""남성"", ""speaker_id"": ""SD2000267"", ""start"": ""135.53104"", ""symbol_count"": ""0"", ""symbol_not_applicable_count"": ""0"", ""symbol_reading_resolved_count"": ""0"", ""symbol_reading_unresolved_count"": ""0"", ""symbol_schema_version"": ""symbol_reading.v1"", ""tagged"": ""학/NA 상자/NNG+를/JKO 날/VV+아야/EC 되/VV+니까는/EC 상자/NNG+를/JKO 날/VV+아야/EC 되/VV+니깐/EC+은/JX"", ""tagged_regeneration_equal"": ""True"", ""tagged_roman"": ""H A k/NA | S A ng _ J A/NNG + R EU l/JKO | N A l/VV + A _ YA/EC | D OE/VV + N I _ KK A _ N EU n/EC | S A ng _ J A/NNG + R EU l/JKO | N A l/VV + A _ YA/EC | D OE/VV + N I _ KK A n/EC + EU n/JX"", ""tagged_roman_v2"": ""H A k/NA | S A ng _ J A/NNG + R EU l/JKO | N A l/VV + A _ YA/EC | D OE/VV + N I _ KK A _ N EU n/EC | S A ng _ J A/NNG + R EU l/JKO | N A l/VV + A _ YA/EC | D OE/VV + N I _ KK A n/EC + EU n/JX"", ""topic"": ""아르바이트 > 코로나, 어플, 시급, 노하우"", ""utt_id"": ""SDRW2000000180.1.1.67"", ""utt_seq"": ""67"", ""year"": ""2020""}"
db_v1_target_manifest_infrastructure_pilot,target_manifest_pilot_20260818,Q1_N_INSERTION_LIKE_ORTH_ENV_2020,1,candidate_environment_pilot,2020,SDRW2000000001.1.1.1,Q1_N_INSERTION_LIKE_ORTH_ENV_2020:2020:SDRW2000000001.1.1.1:2,morph_boundaries,2,SDRW2000000001,SD2000001,저는 여행 다니는 것을,저는 여행 다니는 것을,base,J EO _ N EU n | YEO _ H AE ng | D A _ N I _ N EU n | G EO s _ EU l,J EO _ N EU n | YEO _ H AE ng | D A _ N I _ N EU n | G EO s _ EU l,aligned_safe_body,aligned,,,base,,D:\mfa_eojeol\r3\common_pron_mfa_r3_20260809\corpus\2020\SDRW2000000001\SDRW2000000001.1.1.1.wav,D:\mfa_eojeol\r3\common_pron_mfa_r3_20260809\research_6tier\2020\SDRW2000000001\SDRW2000000001.1.1.1.TextGrid,,D:\mfa_eojeol\r3\common_pron_mfa_r3_20260809\research_6tier\2020\SDRW2000000001\SDRW2000000001.1.1.1.TextGrid,,,pending_textgrid_interval_link,"[""base_status:aligned_safe_body"", ""active_annotation:base""]",candidate_ready_for_manual_realization_review,Broad orthographic/morphological environment candidate; never an automatic judgement of n-insertion realization,"{""boundary_count_in_utterance"": ""6"", ""boundary_idx_in_utterance"": ""2"", ""boundary_scope"": ""inter_eojeol"", ""has_literal_context"": ""False"", ""left_coda_components_json"": ""[\""ㄴ\""]"", ""left_coda_jamo"": ""ㄴ"", ""left_eojeol_idx"": ""1"", ""left_morph_idx_in_eojeol"": ""2"", ""left_morph_idx_in_utterance"": ""2"", ""left_morph_surface"": ""는"", ""left_nucleus_components_json"": ""[\""ㅡ\""]"", ""left_nucleus_jamo"": ""ㅡ"", ""left_onset_jamo"": ""ㄴ"", ""left_onset_zero"": ""False"", ""left_pos"": ""JX"", ""left_standalone_jamo"": """", ""left_unit_surface"": ""는"", ""left_unit_type"": ""hangul"", ""position_schema_version"": ""morph_position.v1"", ""right_coda_components_json"": ""[]"", ""right_coda_jamo"": """", ""right_eojeol_idx"": ""2"", ""right_morph_idx_in_eojeol"": ""1"", ""right_morph_idx_in_utterance"": ""3"", ""right_morph_surface"": ""여행"", ""right_nucleus_components_json"": ""[\""ㅕ\""]"", ""right_nucleus_jamo"": ""ㅕ"", ""right_onset_jamo"": ""ㅇ"", ""right_onset_zero"": ""True"", ""right_pos"": ""NNG"", ""right_standalone_jamo"": """", ""right_unit_surface"": ""여"", ""right_unit_type"": ""hangul"", ""utt_id"": ""SDRW2000000001.1.1.1"", ""year"": ""2020""}"
db_v1_target_manifest_infrastructure_pilot,target_manifest_pilot_20260818,Q1_N_INSERTION_LIKE_ORTH_ENV_2020,1,candidate_environment_pilot,2020,SDRW2000000001.1.1.4,Q1_N_INSERTION_LIKE_ORTH_ENV_2020:2020:SDRW2000000001.1.1.4:1,morph_boundaries,1,SDRW2000000001,SD2000001,스페인이나 뭐 영국,스페인이나 뭐 영국,base,S EU _ P E _ I n _ I _ N A | M WO | YEO ng _ G U k,S EU _ P E _ I n _ I _ N A | M WO | YEO ng _ G U k,aligned_safe_body,aligned,,,base,,D:\mfa_eojeol\r3\common_pron_mfa_r3_20260809\corpus\2020\SDRW2000000001\SDRW2000000001.1.1.4.wav,D:\mfa_eojeol\r3\common_pron_mfa_r3_20260809\research_6tier\2020\SDRW2000000001\SDRW2000000001.1.1.4.TextGrid,,D:\mfa_eojeol\r3\common_pron_mfa_r3_20260809\research_6tier\2020\SDRW2000000001\SDRW2000000001.1.1.4.TextGrid,,,pending_textgrid_interval_link,"[""base_status:aligned_safe_body"", ""active_annotation:base""]",candidate_ready_for_manual_realization_review,Broad orthographic/morphological environment candidate; never an automatic judgement of n-insertion realization,"{""boundary_count_in_utterance"": ""3"", ""boundary_idx_in_utterance"": ""1"", ""boundary_scope"": ""intra_eojeol"", ""has_literal_context"": ""False"", ""left_coda_components_json"": ""[\""ㄴ\""]"", ""left_coda_jamo"": ""ㄴ"", ""left_eojeol_idx"": ""1"", ""left_morph_idx_in_eojeol"": ""1"", ""left_morph_idx_in_utterance"": ""1"", ""left_morph_surface"": ""스페인"", ""left_nucleus_components_json"": ""[\""ㅣ\""]"", ""left_nucleus_jamo"": ""ㅣ"", ""left_onset_jamo"": ""ㅇ"", ""left_onset_zero"": ""True"", ""left_pos"": ""NNP"", ""left_standalone_jamo"": """", ""left_unit_surface"": ""인"", ""left_unit_type"": ""hangul"", ""position_schema_version"": ""morph_position.v1"", ""right_coda_components_json"": ""[]"", ""right_coda_jamo"": """", ""right_eojeol_idx"": ""1"", ""right_morph_idx_in_eojeol"": ""2"", ""right_morph_idx_in_utterance"": ""2"", ""right_morph_surface"": ""이나"", ""right_nucleus_components_json"": ""[\""ㅣ\""]"", ""right_nucleus_jamo"": ""ㅣ"", ""right_onset_jamo"": ""ㅇ"", ""right_onset_zero"": ""True"", ""right_pos"": ""JC"", ""right_standalone_jamo"": """", ""right_unit_surface"": ""이"", ""right_unit_type"": ""hangul"", ""utt_id"": ""SDRW2000000001.1.1.4"", ""year"": ""2020""}"
db_v1_target_manifest_infrastructure_pilot,target_manifest_pilot_20260818,Q1_N_INSERTION_LIKE_ORTH_ENV_2020,1,candidate_environment_pilot,2020,SDRW2000000001.1.1.6,Q1_N_INSERTION_LIKE_ORTH_ENV_2020:2020:SDRW2000000001.1.1.6:7,morph_boundaries,7,SDRW2000000001,SD2000001,아니면 국내에서도 뭐 강릉이나,아니면 국내에서도 뭐 강릉이나,base,A _ N I _ M YEO n | G U k _ N AE _ E _ S EO _ D O | M WO | G A ng _ R EU ng _ I _ N A,A _ N I _ M YEO n | G U k _ N AE _ E _ S EO _ D O | M WO | G A ng _ R EU ng _ I _ N A,pronunciation_followup,pronunciation_followup,,,base,,D:\mfa_eojeol\r3\common_pron_mfa_r3_20260809\corpus\2020\SDRW2000000001\SDRW2000000001.1.1.6.wav,,,,,,pending_textgrid_interval_link,"[""base_status:pronunciation_followup"", ""active_annotation:base"", ""wav_unavailable_in_r3_corpus"", ""active_textgrid_unavailable""]",candidate_metadata_only_pending_alignment_or_recovery,Broad orthographic/morphological environment candidate; never an automatic judgement of n-insertion realization,"{""boundary_count_in_utterance"": ""7"", ""boundary_idx_in_utterance"": ""7"", ""boundary_scope"": ""intra_eojeol"", ""has_literal_context"": ""False"", ""left_coda_components_json"": ""[\""ㅇ\""]"", ""left_coda_jamo"": ""ㅇ"", ""left_eojeol_idx"": ""4"", ""left_morph_idx_in_eojeol"": ""1"", ""left_morph_idx_in_utterance"": ""7"", ""left_morph_surface"": ""강릉"", ""left_nucleus_components_json"": ""[\""ㅡ\""]"", ""left_nucleus_jamo"": ""ㅡ"", ""left_onset_jamo"": ""ㄹ"", ""left_onset_zero"": ""False"", ""left_pos"": ""NNP"", ""left_standalone_jamo"": """", ""left_unit_surface"": ""릉"", ""left_unit_type"": ""hangul"", ""position_schema_version"": ""morph_position.v1"", ""right_coda_components_json"": ""[]"", ""right_coda_jamo"": """", ""right_eojeol_idx"": ""4"", ""right_morph_idx_in_eojeol"": ""2"", ""right_morph_idx_in_utterance"": ""8"", ""right_morph_surface"": ""이나"", ""right_nucleus_components_json"": ""[\""ㅣ\""]"", ""right_nucleus_jamo"": ""ㅣ"", ""right_onset_jamo"": ""ㅇ"", ""right_onset_zero"": ""True"", ""right_pos"": ""JC"", ""right_standalone_jamo"": """", ""right_unit_surface"": ""이"", ""right_unit_type"": ""hangul"", ""utt_id"": ""SDRW2000000001.1.1.6"", ""year"": ""2020""}"
db_v1_target_manifest_infrastructure_pilot,target_manifest_pilot_20260818,Q1_N_INSERTION_LIKE_ORTH_ENV_2020,1,candidate_environment_pilot,2020,SDRW2000000001.1.1.17,Q1_N_INSERTION_LIKE_ORTH_ENV_2020:2020:SDRW2000000001.1.1.17:2,morph_boundaries,2,SDRW2000000001,SD2000002,패키지처럼 여행을 다녀서 그런 것 같아요.,패키지처럼 여행을 다녀서 그런 것 같아요.,base,P AE _ K I _ J I _ CH EO _ R EO m | YEO _ H AE ng _ EU l | D A _ N YEO _ S EO | G EU _ R EO n | G EO s | G A th _ A _ YO,P AE _ K I _ J I _ CH EO _ R EO m | YEO _ H AE ng _ EU l | D A _ N YEO _ S EO | G EU _ R EO n | G EO s | G A th _ A _ YO,aligned_safe_body,aligned,,,base,,D:\mfa_eojeol\r3\common_pron_mfa_r3_20260809\corpus\2020\SDRW2000000001\SDRW2000000001.1.1.17.wav,D:\mfa_eojeol\r3\common_pron_mfa_r3_20260809\research_6tier\2020\SDRW2000000001\SDRW2000000001.1.1.17.TextGrid,,D:\mfa_eojeol\r3\common_pron_mfa_r3_20260809\research_6tier\2020\SDRW2000000001\SDRW2000000001.1.1.17.TextGrid,,,pending_textgrid_interval_link,"[""base_status:aligned_safe_body"", ""active_annotation:base""]",candidate_ready_for_manual_realization_review,Broad orthographic/morphological environment candidate; never an automatic judgement of n-insertion realization,"{""boundary_count_in_utterance"": ""11"", ""boundary_idx_in_utterance"": ""2"", ""boundary_scope"": ""inter_eojeol"", ""has_literal_context"": ""False"", ""left_coda_components_json"": ""[\""ㅁ\""]"", ""left_coda_jamo"": ""ㅁ"", ""left_eojeol_idx"": ""1"", ""left_morph_idx_in_eojeol"": ""2"", ""left_morph_idx_in_utterance"": ""2"", ""left_morph_surface"": ""처럼"", ""left_nucleus_components_json"": ""[\""ㅓ\""]"", ""left_nucleus_jamo"": ""ㅓ"", ""left_onset_jamo"": ""ㄹ"", ""left_onset_zero"": ""False"", ""left_pos"": ""JKB"", ""left_standalone_jamo"": """", ""left_unit_surface"": ""럼"", ""left_unit_type"": ""hangul"", ""position_schema_version"": ""morph_position.v1"", ""right_coda_components_json"": ""[]"", ""right_coda_jamo"": """", ""right_eojeol_idx"": ""2"", ""right_morph_idx_in_eojeol"": ""1"", ""right_morph_idx_in_utterance"": ""3"", ""right_morph_surface"": ""여행"", ""right_nucleus_components_json"": ""[\""ㅕ\""]"", ""right_nucleus_jamo"": ""ㅕ"", ""right_onset_jamo"": ""ㅇ"", ""right_onset_zero"": ""True"", ""right_pos"": ""NNG"", ""right_standalone_jamo"": """", ""right_unit_surface"": ""여"", ""right_unit_type"": ""hangul"", ""utt_id"": ""SDRW2000000001.1.1.17"", ""year"": ""2020""}"
db_v1_target_manifest_infrastructure_pilot,target_manifest_pilot_20260818,Q1_N_INSERTION_LIKE_ORTH_ENV_2020,1,candidate_environment_pilot,2020,SDRW2000000001.1.1.21,Q1_N_INSERTION_LIKE_ORTH_ENV_2020:2020:SDRW2000000001.1.1.21:8,morph_boundaries,8,SDRW2000000001,SD2000002,제일 기 좋았던 거는 스페인이랑,제일 기 좋았던 거는 스페인이랑,base,J E _ I l | G I | J O h _ A ss _ D EO n | G EO _ N EU n | S EU _ P E _ I n _ I _ R A ng,J E _ I l | G I | J O h _ A ss _ D EO n | G EO _ N EU n | S EU _ P E _ I n _ I _ R A ng,aligned_safe_body,aligned,,,base,,D:\mfa_eojeol\r3\common_pron_mfa_r3_20260809\corpus\2020\SDRW2000000001\SDRW2000000001.1.1.21.wav,D:\mfa_eojeol\r3\common_pron_mfa_r3_20260809\research_6tier\2020\SDRW2000000001\SDRW2000000001.1.1.21.TextGrid,,D:\mfa_eojeol\r3\common_pron_mfa_r3_20260809\research_6tier\2020\SDRW2000000001\SDRW2000000001.1.1.21.TextGrid,,,pending_textgrid_interval_link,"[""base_status:aligned_safe_body"", ""active_annotation:base"", ""align_warn:eojeol_tag_mismatch(5!=4)""]",candidate_ready_for_manual_realization_review,Broad orthographic/morphological environment candidate; never an automatic judgement of n-insertion realization,"{""boundary_count_in_utterance"": ""8"", ""boundary_idx_in_utterance"": ""8"", ""boundary_scope"": ""intra_eojeol"", ""has_literal_context"": ""False"", ""left_coda_components_json"": ""[\""ㄴ\""]"", ""left_coda_jamo"": ""ㄴ"", ""left_eojeol_idx"": ""4"", ""left_morph_idx_in_eojeol"": ""1"", ""left_morph_idx_in_utterance"": ""8"", ""left_morph_surface"": ""스페인"", ""left_nucleus_components_json"": ""[\""ㅣ\""]"", ""left_nucleus_jamo"": ""ㅣ"", ""left_onset_jamo"": ""ㅇ"", ""left_onset_zero"": ""True"", ""left_pos"": ""NNP"", ""left_standalone_jamo"": """", ""left_unit_surface"": ""인"", ""left_unit_type"": ""hangul"", ""position_schema_version"": ""morph_position.v1"", ""right_coda_components_json"": ""[]"", ""right_coda_jamo"": """", ""right_eojeol_idx"": ""4"", ""right_morph_idx_in_eojeol"": ""2"", ""right_morph_idx_in_utterance"": ""9"", ""right_morph_surface"": ""이랑"", ""right_nucleus_components_json"": ""[\""ㅣ\""]"", ""right_nucleus_jamo"": ""ㅣ"", ""right_onset_jamo"": ""ㅇ"", ""right_onset_zero"": ""True"", ""right_pos"": ""JKB"", ""right_standalone_jamo"": """", ""right_unit_surface"": ""이"", ""right_unit_type"": ""hangul"", ""utt_id"": ""SDRW2000000001.1.1.21"", ""year"": ""2020""}"
db_v1_target_manifest_infrastructure_pilot,target_manifest_pilot_20260818,Q1_N_INSERTION_LIKE_ORTH_ENV_2020,1,candidate_environment_pilot,2020,SDRW2000000001.1.1.22,Q1_N_INSERTION_LIKE_ORTH_ENV_2020:2020:SDRW2000000001.1.1.22:1,morph_boundaries,1,SDRW2000000001,SD2000002,포르투갈이었거든요.,포르투갈이었거든요.,base,P O _ R EU _ T U _ G A l _ I _ EO ss _ G EO _ D EU n _ YO,P O _ R EU _ T U _ G A l _ I _ EO ss _ G EO _ D EU n _ YO,aligned_safe_body,aligned,,,base,,D:\mfa_eojeol\r3\common_pron_mfa_r3_20260809\corpus\2020\SDRW2000000001\SDRW2000000001.1.1.22.wav,D:\mfa_eojeol\r3\common_pron_mfa_r3_20260809\research_6tier\2020\SDRW2000000001\SDRW2000000001.1.1.22.TextGrid,,D:\mfa_eojeol\r3\common_pron_mfa_r3_20260809\research_6tier\2020\SDRW2000000001\SDRW2000000001.1.1.22.TextGrid,,,pending_textgrid_interval_link,"[""base_status:aligned_safe_body"", ""active_annotation:base""]",candidate_ready_for_manual_realization_review,Broad orthographic/morphological environment candidate; never an automatic judgement of n-insertion realization,"{""boundary_count_in_utterance"": ""5"", ""boundary_idx_in_utterance"": ""1"", ""boundary_scope"": ""intra_eojeol"", ""has_literal_context"": ""False"", ""left_coda_components_json"": ""[\""ㄹ\""]"", ""left_coda_jamo"": ""ㄹ"", ""left_eojeol_idx"": ""1"", ""left_morph_idx_in_eojeol"": ""1"", ""left_morph_idx_in_utterance"": ""1"", ""left_morph_surface"": ""포르투갈"", ""left_nucleus_components_json"": ""[\""ㅏ\""]"", ""left_nucleus_jamo"": ""ㅏ"", ""left_onset_jamo"": ""ㄱ"", ""left_onset_zero"": ""False"", ""left_pos"": ""NNP"", ""left_standalone_jamo"": """", ""left_unit_surface"": ""갈"", ""left_unit_type"": ""hangul"", ""position_schema_version"": ""morph_position.v1"", ""right_coda_components_json"": ""[]"", ""right_coda_jamo"": """", ""right_eojeol_idx"": ""1"", ""right_morph_idx_in_eojeol"": ""2"", ""right_morph_idx_in_utterance"": ""2"", ""right_morph_surface"": ""이"", ""right_nucleus_components_json"": ""[\""ㅣ\""]"", ""right_nucleus_jamo"": ""ㅣ"", ""right_onset_jamo"": ""ㅇ"", ""right_onset_zero"": ""True"", ""right_pos"": ""VCP"", ""right_standalone_jamo"": """", ""right_unit_surface"": ""이"", ""right_unit_type"": ""hangul"", ""utt_id"": ""SDRW2000000001.1.1.22"", ""year"": ""2020""}"
db_v1_target_manifest_infrastructure_pilot,target_manifest_pilot_20260818,Q1_N_INSERTION_LIKE_ORTH_ENV_2020,1,candidate_environment_pilot,2020,SDRW2000000001.1.1.22,Q1_N_INSERTION_LIKE_ORTH_ENV_2020:2020:SDRW2000000001.1.1.22:4,morph_boundaries,4,SDRW2000000001,SD2000002,포르투갈이었거든요.,포르투갈이었거든요.,base,P O _ R EU _ T U _ G A l _ I _ EO ss _ G EO _ D EU n _ YO,P O _ R EU _ T U _ G A l _ I _ EO ss _ G EO _ D EU n _ YO,aligned_safe_body,aligned,,,base,,D:\mfa_eojeol\r3\common_pron_mfa_r3_20260809\corpus\2020\SDRW2000000001\SDRW2000000001.1.1.22.wav,D:\mfa_eojeol\r3\common_pron_mfa_r3_20260809\research_6tier\2020\SDRW2000000001\SDRW2000000001.1.1.22.TextGrid,,D:\mfa_eojeol\r3\common_pron_mfa_r3_20260809\research_6tier\2020\SDRW2000000001\SDRW2000000001.1.1.22.TextGrid,,,pending_textgrid_interval_link,"[""base_status:aligned_safe_body"", ""active_annotation:base""]",candidate_ready_for_manual_realization_review,Broad orthographic/morphological environment candidate; never an automatic judgement of n-insertion realization,"{""boundary_count_in_utterance"": ""5"", ""boundary_idx_in_utterance"": ""4"", ""boundary_scope"": ""intra_eojeol"", ""has_literal_context"": ""False"", ""left_coda_components_json"": ""[\""ㄴ\""]"", ""left_coda_jamo"": ""ㄴ"", ""left_eojeol_idx"": ""1"", ""left_morph_idx_in_eojeol"": ""4"", ""left_morph_idx_in_utterance"": ""4"", ""left_morph_surface"": ""거든"", ""left_nucleus_components_json"": ""[\""ㅡ\""]"", ""left_nucleus_jamo"": ""ㅡ"", ""left_onset_jamo"": ""ㄷ"", ""left_onset_zero"": ""False"", ""left_pos"": ""EF"", ""left_standalone_jamo"": """", ""left_unit_surface"": ""든"", ""left_unit_type"": ""hangul"", ""position_schema_version"": ""morph_position.v1"", ""right_coda_components_json"": ""[]"", ""right_coda_jamo"": """", ""right_eojeol_idx"": ""1"", ""right_morph_idx_in_eojeol"": ""5"", ""right_morph_idx_in_utterance"": ""5"", ""right_morph_surface"": ""요"", ""right_nucleus_components_json"": ""[\""ㅛ\""]"", ""right_nucleus_jamo"": ""ㅛ"", ""right_onset_jamo"": ""ㅇ"", ""right_onset_zero"": ""True"", ""right_pos"": ""JX"", ""right_standalone_jamo"": """", ""right_unit_surface"": ""요"", ""right_unit_type"": ""hangul"", ""utt_id"": ""SDRW2000000001.1.1.22"", ""year"": ""2020""}"
db_v1_target_manifest_infrastructure_pilot,target_manifest_pilot_20260818,Q1_N_INSERTION_LIKE_ORTH_ENV_2020,1,candidate_environment_pilot,2020,SDRW2000000001.1.1.24,Q1_N_INSERTION_LIKE_ORTH_ENV_2020:2020:SDRW2000000001.1.1.24:1,morph_boundaries,1,SDRW2000000001,SD2000002,포르투갈이나 스페인,포르투갈이나 스페인,base,P O _ R EU _ T U _ G A l _ I _ N A | S EU _ P E _ I n,P O _ R EU _ T U _ G A l _ I _ N A | S EU _ P E _ I n,aligned_safe_body,aligned,,,base,,D:\mfa_eojeol\r3\common_pron_mfa_r3_20260809\corpus\2020\SDRW2000000001\SDRW2000000001.1.1.24.wav,D:\mfa_eojeol\r3\common_pron_mfa_r3_20260809\research_6tier\2020\SDRW2000000001\SDRW2000000001.1.1.24.TextGrid,,D:\mfa_eojeol\r3\common_pron_mfa_r3_20260809\research_6tier\2020\SDRW2000000001\SDRW2000000001.1.1.24.TextGrid,,,pending_textgrid_interval_link,"[""base_status:aligned_safe_body"", ""active_annotation:base""]",candidate_ready_for_manual_realization_review,Broad orthographic/morphological environment candidate; never an automatic judgement of n-insertion realization,"{""boundary_count_in_utterance"": ""2"", ""boundary_idx_in_utterance"": ""1"", ""boundary_scope"": ""intra_eojeol"", ""has_literal_context"": ""False"", ""left_coda_components_json"": ""[\""ㄹ\""]"", ""left_coda_jamo"": ""ㄹ"", ""left_eojeol_idx"": ""1"", ""left_morph_idx_in_eojeol"": ""1"", ""left_morph_idx_in_utterance"": ""1"", ""left_morph_surface"": ""포르투갈"", ""left_nucleus_components_json"": ""[\""ㅏ\""]"", ""left_nucleus_jamo"": ""ㅏ"", ""left_onset_jamo"": ""ㄱ"", ""left_onset_zero"": ""False"", ""left_pos"": ""NNP"", ""left_standalone_jamo"": """", ""left_unit_surface"": ""갈"", ""left_unit_type"": ""hangul"", ""position_schema_version"": ""morph_position.v1"", ""right_coda_components_json"": ""[]"", ""right_coda_jamo"": """", ""right_eojeol_idx"": ""1"", ""right_morph_idx_in_eojeol"": ""2"", ""right_morph_idx_in_utterance"": ""2"", ""right_morph_surface"": ""이나"", ""right_nucleus_components_json"": ""[\""ㅣ\""]"", ""right_nucleus_jamo"": ""ㅣ"", ""right_onset_jamo"": ""ㅇ"", ""right_onset_zero"": ""True"", ""right_pos"": ""JC"", ""right_standalone_jamo"": """", ""right_unit_surface"": ""이"", ""right_unit_type"": ""hangul"", ""utt_id"": ""SDRW2000000001.1.1.24"", ""year"": ""2020""}"
db_v1_target_manifest_infrastructure_pilot,target_manifest_pilot_20260818,Q1_N_INSERTION_LIKE_ORTH_ENV_2020,1,candidate_environment_pilot,2020,SDRW2000000001.1.1.25,Q1_N_INSERTION_LIKE_ORTH_ENV_2020:2020:SDRW2000000001.1.1.25:6,morph_boundaries,6,SDRW2000000001,SD2000002,유럽 쪽 다녀오신 적 있으신가요?,유럽 쪽 다녀오신 적 있으신가요?,base,YU _ R EO p | JJ O k | D A _ N YEO _ O _ S I n | J EO k | I ss _ EU _ S I n _ G A _ YO,YU _ R EO p | JJ O k | D A _ N YEO _ O _ S I n | J EO k | I ss _ EU _ S I n _ G A _ YO,aligned_safe_body,aligned,,,base,,D:\mfa_eojeol\r3\common_pron_mfa_r3_20260809\corpus\2020\SDRW2000000001\SDRW2000000001.1.1.25.wav,D:\mfa_eojeol\r3\common_pron_mfa_r3_20260809\research_6tier\2020\SDRW2000000001\SDRW2000000001.1.1.25.TextGrid,,D:\mfa_eojeol\r3\common_pron_mfa_r3_20260809\research_6tier\2020\SDRW2000000001\SDRW2000000001.1.1.25.TextGrid,,,pending_textgrid_interval_link,"[""base_status:aligned_safe_body"", ""active_annotation:base""]",candidate_ready_for_manual_realization_review,Broad orthographic/morphological environment candidate; never an automatic judgement of n-insertion realization,"{""boundary_count_in_utterance"": ""10"", ""boundary_idx_in_utterance"": ""6"", ""boundary_scope"": ""inter_eojeol"", ""has_literal_context"": ""False"", ""left_coda_components_json"": ""[\""ㄱ\""]"", ""left_coda_jamo"": ""ㄱ"", ""left_eojeol_idx"": ""4"", ""left_morph_idx_in_eojeol"": ""1"", ""left_morph_idx_in_utterance"": ""6"", ""left_morph_surface"": ""적"", ""left_nucleus_components_json"": ""[\""ㅓ\""]"", ""left_nucleus_jamo"": ""ㅓ"", ""left_onset_jamo"": ""ㅈ"", ""left_onset_zero"": ""False"", ""left_pos"": ""NNB"", ""left_standalone_jamo"": """", ""left_unit_surface"": ""적"", ""left_unit_type"": ""hangul"", ""position_schema_version"": ""morph_position.v1"", ""right_coda_components_json"": ""[\""ㅆ\""]"", ""right_coda_jamo"": ""ㅆ"", ""right_eojeol_idx"": ""5"", ""right_morph_idx_in_eojeol"": ""1"", ""right_morph_idx_in_utterance"": ""7"", ""right_morph_surface"": ""있"", ""right_nucleus_components_json"": ""[\""ㅣ\""]"", ""right_nucleus_jamo"": ""ㅣ"", ""right_onset_jamo"": ""ㅇ"", ""right_onset_zero"": ""True"", ""right_pos"": ""VA"", ""right_standalone_jamo"": """", ""right_unit_surface"": ""있"", ""right_unit_type"": ""hangul"", ""utt_id"": ""SDRW2000000001.1.1.25"", ""year"": ""2020""}"
db_v1_target_manifest_infrastructure_pilot,target_manifest_pilot_20260818,Q1_N_INSERTION_LIKE_ORTH_ENV_2020,1,candidate_environment_pilot,2020,SDRW2000000001.1.1.34,Q1_N_INSERTION_LIKE_ORTH_ENV_2020:2020:SDRW2000000001.1.1.34:4,morph_boundaries,4,SDRW2000000001,SD2000001,톨레도라는 지역이 굉장히 좋았는데요.,톨레도라는 지역이 굉장히 좋았는데요.,base,T O l _ R E _ D O _ R A _ N EU n | J I _ YEO k _ I | G OE ng _ J A ng _ H I | J O h _ A ss _ N EU n _ D E _ YO,T O l _ R E _ D O _ R A _ N EU n | J I _ YEO k _ I | G OE ng _ J A ng _ H I | J O h _ A ss _ N EU n _ D E _ YO,aligned_safe_body,aligned,,,base,,D:\mfa_eojeol\r3\common_pron_mfa_r3_20260809\corpus\2020\SDRW2000000001\SDRW2000000001.1.1.34.wav,D:\mfa_eojeol\r3\common_pron_mfa_r3_20260809\research_6tier\2020\SDRW2000000001\SDRW2000000001.1.1.34.TextGrid,,D:\mfa_eojeol\r3\common_pron_mfa_r3_20260809\research_6tier\2020\SDRW2000000001\SDRW2000000001.1.1.34.TextGrid,,,pending_textgrid_interval_link,"[""base_status:aligned_safe_body"", ""active_annotation:base""]",candidate_ready_for_manual_realization_review,Broad orthographic/morphological environment candidate; never an automatic judgement of n-insertion realization,"{""boundary_count_in_utterance"": ""10"", ""boundary_idx_in_utterance"": ""4"", ""boundary_scope"": ""intra_eojeol"", ""has_literal_context"": ""False"", ""left_coda_components_json"": ""[\""ㄱ\""]"", ""left_coda_jamo"": ""ㄱ"", ""left_eojeol_idx"": ""2"", ""left_morph_idx_in_eojeol"": ""1"", ""left_morph_idx_in_utterance"": ""4"", ""left_morph_surface"": ""지역"", ""left_nucleus_components_json"": ""[\""ㅕ\""]"", ""left_nucleus_jamo"": ""ㅕ"", ""left_onset_jamo"": ""ㅇ"", ""left_onset_zero"": ""True"", ""left_pos"": ""NNG"", ""left_standalone_jamo"": """", ""left_unit_surface"": ""역"", ""left_unit_type"": ""hangul"", ""position_schema_version"": ""morph_position.v1"", ""right_coda_components_json"": ""[]"", ""right_coda_jamo"": """", ""right_eojeol_idx"": ""2"", ""right_morph_idx_in_eojeol"": ""2"", ""right_morph_idx_in_utterance"": ""5"", ""right_morph_surface"": ""이"", ""right_nucleus_components_json"": ""[\""ㅣ\""]"", ""right_nucleus_jamo"": ""ㅣ"", ""right_onset_jamo"": ""ㅇ"", ""right_onset_zero"": ""True"", ""right_pos"": ""JKS"", ""right_standalone_jamo"": """", ""right_unit_surface"": ""이"", ""right_unit_type"": ""hangul"", ""utt_id"": ""SDRW2000000001.1.1.34"", ""year"": ""2020""}"
db_v1_target_manifest_infrastructure_pilot,target_manifest_pilot_20260818,Q1_N_INSERTION_LIKE_ORTH_ENV_2020,1,candidate_environment_pilot,2020,SDRW2000000001.1.1.38,Q1_N_INSERTION_LIKE_ORTH_ENV_2020:2020:SDRW2000000001.1.1.38:2,morph_boundaries,2,SDRW2000000001,SD2000001,대성당이 있는데,대성당이 있는데,base,D AE _ S EO ng _ D A ng _ I | I ss _ N EU n _ D E,D AE _ S EO ng _ D A ng _ I | I ss _ N EU n _ D E,aligned_safe_body,aligned,,,base,,D:\mfa_eojeol\r3\common_pron_mfa_r3_20260809\corpus\2020\SDRW2000000001\SDRW2000000001.1.1.38.wav,D:\mfa_eojeol\r3\common_pron_mfa_r3_20260809\research_6tier\2020\SDRW2000000001\SDRW2000000001.1.1.38.TextGrid,,D:\mfa_eojeol\r3\common_pron_mfa_r3_20260809\research_6tier\2020\SDRW2000000001\SDRW2000000001.1.1.38.TextGrid,,,pending_textgrid_interval_link,"[""base_status:aligned_safe_body"", ""active_annotation:base""]",candidate_ready_for_manual_realization_review,Broad orthographic/morphological environment candidate; never an automatic judgement of n-insertion realization,"{""boundary_count_in_utterance"": ""4"", ""boundary_idx_in_utterance"": ""2"", ""boundary_scope"": ""intra_eojeol"", ""has_literal_context"": ""False"", ""left_coda_components_json"": ""[\""ㅇ\""]"", ""left_coda_jamo"": ""ㅇ"", ""left_eojeol_idx"": ""1"", ""left_morph_idx_in_eojeol"": ""2"", ""left_morph_idx_in_utterance"": ""2"", ""left_morph_surface"": ""성당"", ""left_nucleus_components_json"": ""[\""ㅏ\""]"", ""left_nucleus_jamo"": ""ㅏ"", ""left_onset_jamo"": ""ㄷ"", ""left_onset_zero"": ""False"", ""left_pos"": ""NNG"", ""left_standalone_jamo"": """", ""left_unit_surface"": ""당"", ""left_unit_type"": ""hangul"", ""position_schema_version"": ""morph_position.v1"", ""right_coda_components_json"": ""[]"", ""right_coda_jamo"": """", ""right_eojeol_idx"": ""1"", ""right_morph_idx_in_eojeol"": ""3"", ""right_morph_idx_in_utterance"": ""3"", ""right_morph_surface"": ""이"", ""right_nucleus_components_json"": ""[\""ㅣ\""]"", ""right_nucleus_jamo"": ""ㅣ"", ""right_onset_jamo"": ""ㅇ"", ""right_onset_zero"": ""True"", ""right_pos"": ""JKS"", ""right_standalone_jamo"": """", ""right_unit_surface"": ""이"", ""right_unit_type"": ""hangul"", ""utt_id"": ""SDRW2000000001.1.1.38"", ""year"": ""2020""}"
db_v1_target_manifest_infrastructure_pilot,target_manifest_pilot_20260818,Q1_N_INSERTION_LIKE_ORTH_ENV_2020,1,candidate_environment_pilot,2020,SDRW2000000001.1.1.39,Q1_N_INSERTION_LIKE_ORTH_ENV_2020:2020:SDRW2000000001.1.1.39:2,morph_boundaries,2,SDRW2000000001,SD2000001,그 성당이 엄청 화려하더라고요.,그 성당이 엄청 화려하더라고요.,base,G EU | S EO ng _ D A ng _ I | EO m _ CH EO ng | H WA _ R YEO _ H A _ D EO _ R A _ G O _ YO,G EU | S EO ng _ D A ng _ I | EO m _ CH EO ng | H WA _ R YEO _ H A _ D EO _ R A _ G O _ YO,aligned_safe_body,aligned,,,base,,D:\mfa_eojeol\r3\common_pron_mfa_r3_20260809\corpus\2020\SDRW2000000001\SDRW2000000001.1.1.39.wav,D:\mfa_eojeol\r3\common_pron_mfa_r3_20260809\research_6tier\2020\SDRW2000000001\SDRW2000000001.1.1.39.TextGrid,,D:\mfa_eojeol\r3\common_pron_mfa_r3_20260809\research_6tier\2020\SDRW2000000001\SDRW2000000001.1.1.39.TextGrid,,,pending_textgrid_interval_link,"[""base_status:aligned_safe_body"", ""active_annotation:base""]",candidate_ready_for_manual_realization_review,Broad orthographic/morphological environment candidate; never an automatic judgement of n-insertion realization,"{""boundary_count_in_utterance"": ""7"", ""boundary_idx_in_utterance"": ""2"", ""boundary_scope"": ""intra_eojeol"", ""has_literal_context"": ""False"", ""left_coda_components_json"": ""[\""ㅇ\""]"", ""left_coda_jamo"": ""ㅇ"", ""left_eojeol_idx"": ""2"", ""left_morph_idx_in_eojeol"": ""1"", ""left_morph_idx_in_utterance"": ""2"", ""left_morph_surface"": ""성당"", ""left_nucleus_components_json"": ""[\""ㅏ\""]"", ""left_nucleus_jamo"": ""ㅏ"", ""left_onset_jamo"": ""ㄷ"", ""left_onset_zero"": ""False"", ""left_pos"": ""NNG"", ""left_standalone_jamo"": """", ""left_unit_surface"": ""당"", ""left_unit_type"": ""hangul"", ""position_schema_version"": ""morph_position.v1"", ""right_coda_components_json"": ""[]"", ""right_coda_jamo"": """", ""right_eojeol_idx"": ""2"", ""right_morph_idx_in_eojeol"": ""2"", ""right_morph_idx_in_utterance"": ""3"", ""right_morph_surface"": ""이"", ""right_nucleus_components_json"": ""[\""ㅣ\""]"", ""right_nucleus_jamo"": ""ㅣ"", ""right_onset_jamo"": ""ㅇ"", ""right_onset_zero"": ""True"", ""right_pos"": ""JKS"", ""right_standalone_jamo"": """", ""right_unit_surface"": ""이"", ""right_unit_type"": ""hangul"", ""utt_id"": ""SDRW2000000001.1.1.39"", ""year"": ""2020""}"
db_v1_target_manifest_infrastructure_pilot,target_manifest_pilot_20260818,Q1_N_INSERTION_LIKE_ORTH_ENV_2020,1,candidate_environment_pilot,2020,SDRW2000000001.1.1.43,Q1_N_INSERTION_LIKE_ORTH_ENV_2020:2020:SDRW2000000001.1.1.43:9,morph_boundaries,9,SDRW2000000001,SD2000001,좀 성당은 보통 좀 소박하다라는 인식이 있었는데,좀 성당은 보통 좀 소박하다라는 인식이 있었는데,base,J O m | S EO ng _ D A ng _ EU n | B O _ T O ng | J O m | S O _ B A k _ H A _ D A _ R A _ N EU n | I n _ S I k _ I | I ss _ EO ss _ N EU n _ D E,J O m | S EO ng _ D A ng _ EU n | B O _ T O ng | J O m | S O _ B A k _ H A _ D A _ R A _ N EU n | I n _ S I k _ I | I ss _ EO ss _ N EU n _ D E,aligned_safe_body,aligned,,,base,,D:\mfa_eojeol\r3\common_pron_mfa_r3_20260809\corpus\2020\SDRW2000000001\SDRW2000000001.1.1.43.wav,D:\mfa_eojeol\r3\common_pron_mfa_r3_20260809\research_6tier\2020\SDRW2000000001\SDRW2000000001.1.1.43.TextGrid,,D:\mfa_eojeol\r3\common_pron_mfa_r3_20260809\research_6tier\2020\SDRW2000000001\SDRW2000000001.1.1.43.TextGrid,,,pending_textgrid_interval_link,"[""base_status:aligned_safe_body"", ""active_annotation:base""]",candidate_ready_for_manual_realization_review,Broad orthographic/morphological environment candidate; never an automatic judgement of n-insertion realization,"{""boundary_count_in_utterance"": ""13"", ""boundary_idx_in_utterance"": ""9"", ""boundary_scope"": ""inter_eojeol"", ""has_literal_context"": ""False"", ""left_coda_components_json"": ""[\""ㄴ\""]"", ""left_coda_jamo"": ""ㄴ"", ""left_eojeol_idx"": ""5"", ""left_morph_idx_in_eojeol"": ""4"", ""left_morph_idx_in_utterance"": ""9"", ""left_morph_surface"": ""라는"", ""left_nucleus_components_json"": ""[\""ㅡ\""]"", ""left_nucleus_jamo"": ""ㅡ"", ""left_onset_jamo"": ""ㄴ"", ""left_onset_zero"": ""False"", ""left_pos"": ""ETM"", ""left_standalone_jamo"": """", ""left_unit_surface"": ""는"", ""left_unit_type"": ""hangul"", ""position_schema_version"": ""morph_position.v1"", ""right_coda_components_json"": ""[\""ㄴ\""]"", ""right_coda_jamo"": ""ㄴ"", ""right_eojeol_idx"": ""6"", ""right_morph_idx_in_eojeol"": ""1"", ""right_morph_idx_in_utterance"": ""10"", ""right_morph_surface"": ""인식"", ""right_nucleus_components_json"": ""[\""ㅣ\""]"", ""right_nucleus_jamo"": ""ㅣ"", ""right_onset_jamo"": ""ㅇ"", ""right_onset_zero"": ""True"", ""right_pos"": ""NNG"", ""right_standalone_jamo"": """", ""right_unit_surface"": ""인"", ""right_unit_type"": ""hangul"", ""utt_id"": ""SDRW2000000001.1.1.43"", ""year"": ""2020""}"
db_v1_target_manifest_infrastructure_pilot,target_manifest_pilot_20260818,Q1_N_INSERTION_LIKE_ORTH_ENV_2020,1,candidate_environment_pilot,2020,SDRW2000000001.1.1.43,Q1_N_INSERTION_LIKE_ORTH_ENV_2020:2020:SDRW2000000001.1.1.43:10,morph_boundaries,10,SDRW2000000001,SD2000001,좀 성당은 보통 좀 소박하다라는 인식이 있었는데,좀 성당은 보통 좀 소박하다라는 인식이 있었는데,base,J O m | S EO ng _ D A ng _ EU n | B O _ T O ng | J O m | S O _ B A k _ H A _ D A _ R A _ N EU n | I n _ S I k _ I | I ss _ EO ss _ N EU n _ D E,J O m | S EO ng _ D A ng _ EU n | B O _ T O ng | J O m | S O _ B A k _ H A _ D A _ R A _ N EU n | I n _ S I k _ I | I ss _ EO ss _ N EU n _ D E,aligned_safe_body,aligned,,,base,,D:\mfa_eojeol\r3\common_pron_mfa_r3_20260809\corpus\2020\SDRW2000000001\SDRW2000000001.1.1.43.wav,D:\mfa_eojeol\r3\common_pron_mfa_r3_20260809\research_6tier\2020\SDRW2000000001\SDRW2000000001.1.1.43.TextGrid,,D:\mfa_eojeol\r3\common_pron_mfa_r3_20260809\research_6tier\2020\SDRW2000000001\SDRW2000000001.1.1.43.TextGrid,,,pending_textgrid_interval_link,"[""base_status:aligned_safe_body"", ""active_annotation:base""]",candidate_ready_for_manual_realization_review,Broad orthographic/morphological environment candidate; never an automatic judgement of n-insertion realization,"{""boundary_count_in_utterance"": ""13"", ""boundary_idx_in_utterance"": ""10"", ""boundary_scope"": ""intra_eojeol"", ""has_literal_context"": ""False"", ""left_coda_components_json"": ""[\""ㄱ\""]"", ""left_coda_jamo"": ""ㄱ"", ""left_eojeol_idx"": ""6"", ""left_morph_idx_in_eojeol"": ""1"", ""left_morph_idx_in_utterance"": ""10"", ""left_morph_surface"": ""인식"", ""left_nucleus_components_json"": ""[\""ㅣ\""]"", ""left_nucleus_jamo"": ""ㅣ"", ""left_onset_jamo"": ""ㅅ"", ""left_onset_zero"": ""False"", ""left_pos"": ""NNG"", ""left_standalone_jamo"": """", ""left_unit_surface"": ""식"", ""left_unit_type"": ""hangul"", ""position_schema_version"": ""morph_position.v1"", ""right_coda_components_json"": ""[]"", ""right_coda_jamo"": """", ""right_eojeol_idx"": ""6"", ""right_morph_idx_in_eojeol"": ""2"", ""right_morph_idx_in_utterance"": ""11"", ""right_morph_surface"": ""이"", ""right_nucleus_components_json"": ""[\""ㅣ\""]"", ""right_nucleus_jamo"": ""ㅣ"", ""right_onset_jamo"": ""ㅇ"", ""right_onset_zero"": ""True"", ""right_pos"": ""JKS"", ""right_standalone_jamo"": """", ""right_unit_surface"": ""이"", ""right_unit_type"": ""hangul"", ""utt_id"": ""SDRW2000000001.1.1.43"", ""year"": ""2020""}"
db_v1_target_manifest_infrastructure_pilot,target_manifest_pilot_20260818,Q1_N_INSERTION_LIKE_ORTH_ENV_2020,1,candidate_environment_pilot,2020,SDRW2000000001.1.1.49,Q1_N_INSERTION_LIKE_ORTH_ENV_2020:2020:SDRW2000000001.1.1.49:3,morph_boundaries,3,SDRW2000000001,SD2000001,지금 잘 생각이 나지는 않지만,지금 잘 생각이 나지는 않지만,base,J I _ G EU m | J A l | S AE ng _ G A k _ I | N A _ J I _ N EU n | A nh _ J I _ M A n,J I _ G EU m | J A l | S AE ng _ G A k _ I | N A _ J I _ N EU n | A nh _ J I _ M A n,aligned_safe_body,aligned,,,base,,D:\mfa_eojeol\r3\common_pron_mfa_r3_20260809\corpus\2020\SDRW2000000001\SDRW2000000001.1.1.49.wav,D:\mfa_eojeol\r3\common_pron_mfa_r3_20260809\research_6tier\2020\SDRW2000000001\SDRW2000000001.1.1.49.TextGrid,,D:\mfa_eojeol\r3\common_pron_mfa_r3_20260809\research_6tier\2020\SDRW2000000001\SDRW2000000001.1.1.49.TextGrid,,,pending_textgrid_interval_link,"[""base_status:aligned_safe_body"", ""active_annotation:base""]",candidate_ready_for_manual_realization_review,Broad orthographic/morphological environment candidate; never an automatic judgement of n-insertion realization,"{""boundary_count_in_utterance"": ""8"", ""boundary_idx_in_utterance"": ""3"", ""boundary_scope"": ""intra_eojeol"", ""has_literal_context"": ""False"", ""left_coda_components_json"": ""[\""ㄱ\""]"", ""left_coda_jamo"": ""ㄱ"", ""left_eojeol_idx"": ""3"", ""left_morph_idx_in_eojeol"": ""1"", ""left_morph_idx_in_utterance"": ""3"", ""left_morph_surface"": ""생각"", ""left_nucleus_components_json"": ""[\""ㅏ\""]"", ""left_nucleus_jamo"": ""ㅏ"", ""left_onset_jamo"": ""ㄱ"", ""left_onset_zero"": ""False"", ""left_pos"": ""NNG"", ""left_standalone_jamo"": """", ""left_unit_surface"": ""각"", ""left_unit_type"": ""hangul"", ""position_schema_version"": ""morph_position.v1"", ""right_coda_components_json"": ""[]"", ""right_coda_jamo"": """", ""right_eojeol_idx"": ""3"", ""right_morph_idx_in_eojeol"": ""2"", ""right_morph_idx_in_utterance"": ""4"", ""right_morph_surface"": ""이"", ""right_nucleus_components_json"": ""[\""ㅣ\""]"", ""right_nucleus_jamo"": ""ㅣ"", ""right_onset_jamo"": ""ㅇ"", ""right_onset_zero"": ""True"", ""right_pos"": ""JKS"", ""right_standalone_jamo"": """", ""right_unit_surface"": ""이"", ""right_unit_type"": ""hangul"", ""utt_id"": ""SDRW2000000001.1.1.49"", ""year"": ""2020""}"
db_v1_target_manifest_infrastructure_pilot,target_manifest_pilot_20260818,Q1_N_INSERTION_LIKE_ORTH_ENV_2020,1,candidate_environment_pilot,2020,SDRW2000000001.1.1.56,Q1_N_INSERTION_LIKE_ORTH_ENV_2020:2020:SDRW2000000001.1.1.56:1,morph_boundaries,1,SDRW2000000001,SD2000001,맛이,맛이,base,M A s _ I,M A s _ I,aligned_safe_body,aligned,,,base,,D:\mfa_eojeol\r3\common_pron_mfa_r3_20260809\corpus\2020\SDRW2000000001\SDRW2000000001.1.1.56.wav,D:\mfa_eojeol\r3\common_pron_mfa_r3_20260809\research_6tier\2020\SDRW2000000001\SDRW2000000001.1.1.56.TextGrid,,D:\mfa_eojeol\r3\common_pron_mfa_r3_20260809\research_6tier\2020\SDRW2000000001\SDRW2000000001.1.1.56.TextGrid,,,pending_textgrid_interval_link,"[""base_status:aligned_safe_body"", ""active_annotation:base""]",candidate_ready_for_manual_realization_review,Broad orthographic/morphological environment candidate; never an automatic judgement of n-insertion realization,"{""boundary_count_in_utterance"": ""1"", ""boundary_idx_in_utterance"": ""1"", ""boundary_scope"": ""intra_eojeol"", ""has_literal_context"": ""False"", ""left_coda_components_json"": ""[\""ㅅ\""]"", ""left_coda_jamo"": ""ㅅ"", ""left_eojeol_idx"": ""1"", ""left_morph_idx_in_eojeol"": ""1"", ""left_morph_idx_in_utterance"": ""1"", ""left_morph_surface"": ""맛"", ""left_nucleus_components_json"": ""[\""ㅏ\""]"", ""left_nucleus_jamo"": ""ㅏ"", ""left_onset_jamo"": ""ㅁ"", ""left_onset_zero"": ""False"", ""left_pos"": ""NNG"", ""left_standalone_jamo"": """", ""left_unit_surface"": ""맛"", ""left_unit_type"": ""hangul"", ""position_schema_version"": ""morph_position.v1"", ""right_coda_components_json"": ""[]"", ""right_coda_jamo"": """", ""right_eojeol_idx"": ""1"", ""right_morph_idx_in_eojeol"": ""2"", ""right_morph_idx_in_utterance"": ""2"", ""right_morph_surface"": ""이"", ""right_nucleus_components_json"": ""[\""ㅣ\""]"", ""right_nucleus_jamo"": ""ㅣ"", ""right_onset_jamo"": ""ㅇ"", ""right_onset_zero"": ""True"", ""right_pos"": ""JKS"", ""right_standalone_jamo"": """", ""right_unit_surface"": ""이"", ""right_unit_type"": ""hangul"", ""utt_id"": ""SDRW2000000001.1.1.56"", ""year"": ""2020""}"
db_v1_target_manifest_infrastructure_pilot,target_manifest_pilot_20260818,Q1_N_INSERTION_LIKE_ORTH_ENV_2020,1,candidate_environment_pilot,2020,SDRW2000000001.1.1.62,Q1_N_INSERTION_LIKE_ORTH_ENV_2020:2020:SDRW2000000001.1.1.62:1,morph_boundaries,1,SDRW2000000001,SD2000001,유럽 여행을 많이,유럽 여행을 많이,base,YU _ R EO p | YEO _ H AE ng _ EU l | M A nh _ I,YU _ R EO p | YEO _ H AE ng _ EU l | M A nh _ I,aligned_safe_body,aligned,,,base,,D:\mfa_eojeol\r3\common_pron_mfa_r3_20260809\corpus\2020\SDRW2000000001\SDRW2000000001.1.1.62.wav,D:\mfa_eojeol\r3\common_pron_mfa_r3_20260809\research_6tier\2020\SDRW2000000001\SDRW2000000001.1.1.62.TextGrid,,D:\mfa_eojeol\r3\common_pron_mfa_r3_20260809\research_6tier\2020\SDRW2000000001\SDRW2000000001.1.1.62.TextGrid,,,pending_textgrid_interval_link,"[""base_status:aligned_safe_body"", ""active_annotation:base""]",candidate_ready_for_manual_realization_review,Broad orthographic/morphological environment candidate; never an automatic judgement of n-insertion realization,"{""boundary_count_in_utterance"": ""3"", ""boundary_idx_in_utterance"": ""1"", ""boundary_scope"": ""inter_eojeol"", ""has_literal_context"": ""False"", ""left_coda_components_json"": ""[\""ㅂ\""]"", ""left_coda_jamo"": ""ㅂ"", ""left_eojeol_idx"": ""1"", ""left_morph_idx_in_eojeol"": ""1"", ""left_morph_idx_in_utterance"": ""1"", ""left_morph_surface"": ""유럽"", ""left_nucleus_components_json"": ""[\""ㅓ\""]"", ""left_nucleus_jamo"": ""ㅓ"", ""left_onset_jamo"": ""ㄹ"", ""left_onset_zero"": ""False"", ""left_pos"": ""NNP"", ""left_standalone_jamo"": """", ""left_unit_surface"": ""럽"", ""left_unit_type"": ""hangul"", ""position_schema_version"": ""morph_position.v1"", ""right_coda_components_json"": ""[]"", ""right_coda_jamo"": """", ""right_eojeol_idx"": ""2"", ""right_morph_idx_in_eojeol"": ""1"", ""right_morph_idx_in_utterance"": ""2"", ""right_morph_surface"": ""여행"", ""right_nucleus_components_json"": ""[\""ㅕ\""]"", ""right_nucleus_jamo"": ""ㅕ"", ""right_onset_jamo"": ""ㅇ"", ""right_onset_zero"": ""True"", ""right_pos"": ""NNG"", ""right_standalone_jamo"": """", ""right_unit_surface"": ""여"", ""right_unit_type"": ""hangul"", ""utt_id"": ""SDRW2000000001.1.1.62"", ""year"": ""2020""}"
db_v1_target_manifest_infrastructure_pilot,target_manifest_pilot_20260818,Q1_N_INSERTION_LIKE_ORTH_ENV_2020,1,candidate_environment_pilot,2020,SDRW2000000001.1.1.65,Q1_N_INSERTION_LIKE_ORTH_ENV_2020:2020:SDRW2000000001.1.1.65:7,morph_boundaries,7,SDRW2000000001,SD2000001,톨레도도 가본 적이 있나요?,톨레도도 가본 적이 있나요?,base,T O l _ R E _ D O _ D O | G A _ B O n | J EO k _ I | I ss _ N A _ YO,T O l _ R E _ D O _ D O | G A _ B O n | J EO k _ I | I ss _ N A _ YO,aligned_safe_body,aligned,,,base,,D:\mfa_eojeol\r3\common_pron_mfa_r3_20260809\corpus\2020\SDRW2000000001\SDRW2000000001.1.1.65.wav,D:\mfa_eojeol\r3\common_pron_mfa_r3_20260809\research_6tier\2020\SDRW2000000001\SDRW2000000001.1.1.65.TextGrid,,D:\mfa_eojeol\r3\common_pron_mfa_r3_20260809\research_6tier\2020\SDRW2000000001\SDRW2000000001.1.1.65.TextGrid,,,pending_textgrid_interval_link,"[""base_status:aligned_safe_body"", ""active_annotation:base"", ""align_warn:eojeol_tag_mismatch(4!=5)""]",candidate_ready_for_manual_realization_review,Broad orthographic/morphological environment candidate; never an automatic judgement of n-insertion realization,"{""boundary_count_in_utterance"": ""11"", ""boundary_idx_in_utterance"": ""7"", ""boundary_scope"": ""intra_eojeol"", ""has_literal_context"": ""False"", ""left_coda_components_json"": ""[\""ㄱ\""]"", ""left_coda_jamo"": ""ㄱ"", ""left_eojeol_idx"": ""4"", ""left_morph_idx_in_eojeol"": ""1"", ""left_morph_idx_in_utterance"": ""7"", ""left_morph_surface"": ""적"", ""left_nucleus_components_json"": ""[\""ㅓ\""]"", ""left_nucleus_jamo"": ""ㅓ"", ""left_onset_jamo"": ""ㅈ"", ""left_onset_zero"": ""False"", ""left_pos"": ""NNB"", ""left_standalone_jamo"": """", ""left_unit_surface"": ""적"", ""left_unit_type"": ""hangul"", ""position_schema_version"": ""morph_position.v1"", ""right_coda_components_json"": ""[]"", ""right_coda_jamo"": """", ""right_eojeol_idx"": ""4"", ""right_morph_idx_in_eojeol"": ""2"", ""right_morph_idx_in_utterance"": ""8"", ""right_morph_surface"": ""이"", ""right_nucleus_components_json"": ""[\""ㅣ\""]"", ""right_nucleus_jamo"": ""ㅣ"", ""right_onset_jamo"": ""ㅇ"", ""right_onset_zero"": ""True"", ""right_pos"": ""JKS"", ""right_standalone_jamo"": """", ""right_unit_surface"": ""이"", ""right_unit_type"": ""hangul"", ""utt_id"": ""SDRW2000000001.1.1.65"", ""year"": ""2020""}"
db_v1_target_manifest_infrastructure_pilot,target_manifest_pilot_20260818,Q1_N_INSERTION_LIKE_ORTH_ENV_2020,1,candidate_environment_pilot,2020,SDRW2000000001.1.1.67,Q1_N_INSERTION_LIKE_ORTH_ENV_2020:2020:SDRW2000000001.1.1.67:2,morph_boundaries,2,SDRW2000000001,SD2000002,저는 이제,저는 이제,base,J EO _ N EU n | I _ J E,J EO _ N EU n | I _ J E,aligned_safe_body,aligned,,,base,,D:\mfa_eojeol\r3\common_pron_mfa_r3_20260809\corpus\2020\SDRW2000000001\SDRW2000000001.1.1.67.wav,D:\mfa_eojeol\r3\common_pron_mfa_r3_20260809\research_6tier\2020\SDRW2000000001\SDRW2000000001.1.1.67.TextGrid,,D:\mfa_eojeol\r3\common_pron_mfa_r3_20260809\research_6tier\2020\SDRW2000000001\SDRW2000000001.1.1.67.TextGrid,,,pending_textgrid_interval_link,"[""base_status:aligned_safe_body"", ""active_annotation:base""]",candidate_ready_for_manual_realization_review,Broad orthographic/morphological environment candidate; never an automatic judgement of n-insertion realization,"{""boundary_count_in_utterance"": ""2"", ""boundary_idx_in_utterance"": ""2"", ""boundary_scope"": ""inter_eojeol"", ""has_literal_context"": ""False"", ""left_coda_components_json"": ""[\""ㄴ\""]"", ""left_coda_jamo"": ""ㄴ"", ""left_eojeol_idx"": ""1"", ""left_morph_idx_in_eojeol"": ""2"", ""left_morph_idx_in_utterance"": ""2"", ""left_morph_surface"": ""는"", ""left_nucleus_components_json"": ""[\""ㅡ\""]"", ""left_nucleus_jamo"": ""ㅡ"", ""left_onset_jamo"": ""ㄴ"", ""left_onset_zero"": ""False"", ""left_pos"": ""JX"", ""left_standalone_jamo"": """", ""left_unit_surface"": ""는"", ""left_unit_type"": ""hangul"", ""position_schema_version"": ""morph_position.v1"", ""right_coda_components_json"": ""[]"", ""right_coda_jamo"": """", ""right_eojeol_idx"": ""2"", ""right_morph_idx_in_eojeol"": ""1"", ""right_morph_idx_in_utterance"": ""3"", ""right_morph_surface"": ""이제"", ""right_nucleus_components_json"": ""[\""ㅣ\""]"", ""right_nucleus_jamo"": ""ㅣ"", ""right_onset_jamo"": ""ㅇ"", ""right_onset_zero"": ""True"", ""right_pos"": ""MAG"", ""right_standalone_jamo"": """", ""right_unit_surface"": ""이"", ""right_unit_type"": ""hangul"", ""utt_id"": ""SDRW2000000001.1.1.67"", ""year"": ""2020""}"
db_v1_target_manifest_infrastructure_pilot,target_manifest_pilot_20260818,Q1_N_INSERTION_LIKE_ORTH_ENV_2020,1,candidate_environment_pilot,2020,SDRW2000000001.1.1.88,Q1_N_INSERTION_LIKE_ORTH_ENV_2020:2020:SDRW2000000001.1.1.88:2,morph_boundaries,2,SDRW2000000001,SD2000002,거기는 이제 고대,거기는 이제 고대,base,G EO _ G I _ N EU n | I _ J E | G O _ D AE,G EO _ G I _ N EU n | I _ J E | G O _ D AE,aligned_safe_body,aligned,,,base,,D:\mfa_eojeol\r3\common_pron_mfa_r3_20260809\corpus\2020\SDRW2000000001\SDRW2000000001.1.1.88.wav,D:\mfa_eojeol\r3\common_pron_mfa_r3_20260809\research_6tier\2020\SDRW2000000001\SDRW2000000001.1.1.88.TextGrid,,D:\mfa_eojeol\r3\common_pron_mfa_r3_20260809\research_6tier\2020\SDRW2000000001\SDRW2000000001.1.1.88.TextGrid,,,pending_textgrid_interval_link,"[""base_status:aligned_safe_body"", ""active_annotation:base""]",candidate_ready_for_manual_realization_review,Broad orthographic/morphological environment candidate; never an automatic judgement of n-insertion realization,"{""boundary_count_in_utterance"": ""3"", ""boundary_idx_in_utterance"": ""2"", ""boundary_scope"": ""inter_eojeol"", ""has_literal_context"": ""False"", ""left_coda_components_json"": ""[\""ㄴ\""]"", ""left_coda_jamo"": ""ㄴ"", ""left_eojeol_idx"": ""1"", ""left_morph_idx_in_eojeol"": ""2"", ""left_morph_idx_in_utterance"": ""2"", ""left_morph_surface"": ""는"", ""left_nucleus_components_json"": ""[\""ㅡ\""]"", ""left_nucleus_jamo"": ""ㅡ"", ""left_onset_jamo"": ""ㄴ"", ""left_onset_zero"": ""False"", ""left_pos"": ""JX"", ""left_standalone_jamo"": """", ""left_unit_surface"": ""는"", ""left_unit_type"": ""hangul"", ""position_schema_version"": ""morph_position.v1"", ""right_coda_components_json"": ""[]"", ""right_coda_jamo"": """", ""right_eojeol_idx"": ""2"", ""right_morph_idx_in_eojeol"": ""1"", ""right_morph_idx_in_utterance"": ""3"", ""right_morph_surface"": ""이제"", ""right_nucleus_components_json"": ""[\""ㅣ\""]"", ""right_nucleus_jamo"": ""ㅣ"", ""right_onset_jamo"": ""ㅇ"", ""right_onset_zero"": ""True"", ""right_pos"": ""MAG"", ""right_standalone_jamo"": """", ""right_unit_surface"": ""이"", ""right_unit_type"": ""hangul"", ""utt_id"": ""SDRW2000000001.1.1.88"", ""year"": ""2020""}"
