review_order,year,session,speaker_id,utt_id,wav_path,lab_path,textgrid_path,decision,notes
1,2021,SDRW2100000136,SD2100135,SDRW2100000136.1.1.47,D:\20_AUDIO\03_wav\individual\2021\SDRW2100000136\SDRW2100000136.1.1.47.wav,D:\20_AUDIO\03_wav\individual\2021\SDRW2100000136\SDRW2100000136.1.1.47.lab,D:\20_AUDIO\08_textgrid_research_v2_staging\2021\SDRW2100000136\SDRW2100000136.1.1.47.TextGrid,pending,
2,2021,SDRW2100002907,SD2102212,SDRW2100002907.1.1.133,D:\20_AUDIO\03_wav\individual\2021\SDRW2100002907\SDRW2100002907.1.1.133.wav,D:\20_AUDIO\03_wav\individual\2021\SDRW2100002907\SDRW2100002907.1.1.133.lab,D:\20_AUDIO\08_textgrid_research_v2_staging\2021\SDRW2100002907\SDRW2100002907.1.1.133.TextGrid,pending,
3,2021,SDRW2100001386,SD2100770,SDRW2100001386.1.1.119,D:\20_AUDIO\03_wav\individual\2021\SDRW2100001386\SDRW2100001386.1.1.119.wav,D:\20_AUDIO\03_wav\individual\2021\SDRW2100001386\SDRW2100001386.1.1.119.lab,D:\20_AUDIO\08_textgrid_research_v2_staging\2021\SDRW2100001386\SDRW2100001386.1.1.119.TextGrid,pending,
4,2021,SDRW2100002314,SD2101135,SDRW2100002314.1.1.309,D:\20_AUDIO\03_wav\individual\2021\SDRW2100002314\SDRW2100002314.1.1.309.wav,D:\20_AUDIO\03_wav\individual\2021\SDRW2100002314\SDRW2100002314.1.1.309.lab,D:\20_AUDIO\08_textgrid_research_v2_staging\2021\SDRW2100002314\SDRW2100002314.1.1.309.TextGrid,pending,
5,2021,SDRW2100000187,SD2100187,SDRW2100000187.1.1.205,D:\20_AUDIO\03_wav\individual\2021\SDRW2100000187\SDRW2100000187.1.1.205.wav,D:\20_AUDIO\03_wav\individual\2021\SDRW2100000187\SDRW2100000187.1.1.205.lab,D:\20_AUDIO\08_textgrid_research_v2_staging\2021\SDRW2100000187\SDRW2100000187.1.1.205.TextGrid,pending,
6,2021,SDRW2100003340,SD2100848,SDRW2100003340.1.1.325,D:\20_AUDIO\03_wav\individual\2021\SDRW2100003340\SDRW2100003340.1.1.325.wav,D:\20_AUDIO\03_wav\individual\2021\SDRW2100003340\SDRW2100003340.1.1.325.lab,D:\20_AUDIO\08_textgrid_research_v2_staging\2021\SDRW2100003340\SDRW2100003340.1.1.325.TextGrid,pending,
7,2021,SDRW2100001699,SD2101666,SDRW2100001699.1.1.373,D:\20_AUDIO\03_wav\individual\2021\SDRW2100001699\SDRW2100001699.1.1.373.wav,D:\20_AUDIO\03_wav\individual\2021\SDRW2100001699\SDRW2100001699.1.1.373.lab,D:\20_AUDIO\08_textgrid_research_v2_staging\2021\SDRW2100001699\SDRW2100001699.1.1.373.TextGrid,pending,
8,2021,SDRW2100000963,SD2100707,SDRW2100000963.1.1.291,D:\20_AUDIO\03_wav\individual\2021\SDRW2100000963\SDRW2100000963.1.1.291.wav,D:\20_AUDIO\03_wav\individual\2021\SDRW2100000963\SDRW2100000963.1.1.291.lab,D:\20_AUDIO\08_textgrid_research_v2_staging\2021\SDRW2100000963\SDRW2100000963.1.1.291.TextGrid,pending,
9,2021,SDRW2100003394,SD2100879,SDRW2100003394.1.1.296,D:\20_AUDIO\03_wav\individual\2021\SDRW2100003394\SDRW2100003394.1.1.296.wav,D:\20_AUDIO\03_wav\individual\2021\SDRW2100003394\SDRW2100003394.1.1.296.lab,D:\20_AUDIO\08_textgrid_research_v2_staging\2021\SDRW2100003394\SDRW2100003394.1.1.296.TextGrid,pending,
10,2021,SDRW2100000938,SD2100694,SDRW2100000938.1.1.100,D:\20_AUDIO\03_wav\individual\2021\SDRW2100000938\SDRW2100000938.1.1.100.wav,D:\20_AUDIO\03_wav\individual\2021\SDRW2100000938\SDRW2100000938.1.1.100.lab,D:\20_AUDIO\08_textgrid_research_v2_staging\2021\SDRW2100000938\SDRW2100000938.1.1.100.TextGrid,pending,
11,2021,SDRW2100001982,SD2101808,SDRW2100001982.1.1.37,D:\20_AUDIO\03_wav\individual\2021\SDRW2100001982\SDRW2100001982.1.1.37.wav,D:\20_AUDIO\03_wav\individual\2021\SDRW2100001982\SDRW2100001982.1.1.37.lab,D:\20_AUDIO\08_textgrid_research_v2_staging\2021\SDRW2100001982\SDRW2100001982.1.1.37.TextGrid,pending,
12,2021,SDRW2100001521,SD2101522,SDRW2100001521.1.1.28,D:\20_AUDIO\03_wav\individual\2021\SDRW2100001521\SDRW2100001521.1.1.28.wav,D:\20_AUDIO\03_wav\individual\2021\SDRW2100001521\SDRW2100001521.1.1.28.lab,D:\20_AUDIO\08_textgrid_research_v2_staging\2021\SDRW2100001521\SDRW2100001521.1.1.28.TextGrid,pending,
13,2021,SDRW2100003745,SD2103623,SDRW2100003745.1.1.346,D:\20_AUDIO\03_wav\individual\2021\SDRW2100003745\SDRW2100003745.1.1.346.wav,D:\20_AUDIO\03_wav\individual\2021\SDRW2100003745\SDRW2100003745.1.1.346.lab,D:\20_AUDIO\08_textgrid_research_v2_staging\2021\SDRW2100003745\SDRW2100003745.1.1.346.TextGrid,pending,
14,2021,SDRW2100001709,SD2101672,SDRW2100001709.1.1.71,D:\20_AUDIO\03_wav\individual\2021\SDRW2100001709\SDRW2100001709.1.1.71.wav,D:\20_AUDIO\03_wav\individual\2021\SDRW2100001709\SDRW2100001709.1.1.71.lab,D:\20_AUDIO\08_textgrid_research_v2_staging\2021\SDRW2100001709\SDRW2100001709.1.1.71.TextGrid,pending,
15,2021,SDRW2100001347,SD2100750,SDRW2100001347.1.1.140,D:\20_AUDIO\03_wav\individual\2021\SDRW2100001347\SDRW2100001347.1.1.140.wav,D:\20_AUDIO\03_wav\individual\2021\SDRW2100001347\SDRW2100001347.1.1.140.lab,D:\20_AUDIO\08_textgrid_research_v2_staging\2021\SDRW2100001347\SDRW2100001347.1.1.140.TextGrid,pending,
16,2021,SDRW2100003256,SD2103128,SDRW2100003256.1.1.229,D:\20_AUDIO\03_wav\individual\2021\SDRW2100003256\SDRW2100003256.1.1.229.wav,D:\20_AUDIO\03_wav\individual\2021\SDRW2100003256\SDRW2100003256.1.1.229.lab,D:\20_AUDIO\08_textgrid_research_v2_staging\2021\SDRW2100003256\SDRW2100003256.1.1.229.TextGrid,pending,
17,2021,SDRW2100004166,SD2101366,SDRW2100004166.1.1.17,D:\20_AUDIO\03_wav\individual\2021\SDRW2100004166\SDRW2100004166.1.1.17.wav,D:\20_AUDIO\03_wav\individual\2021\SDRW2100004166\SDRW2100004166.1.1.17.lab,D:\20_AUDIO\08_textgrid_research_v2_staging\2021\SDRW2100004166\SDRW2100004166.1.1.17.TextGrid,pending,
18,2021,SDRW2100000846,SD2100647,SDRW2100000846.1.1.222,D:\20_AUDIO\03_wav\individual\2021\SDRW2100000846\SDRW2100000846.1.1.222.wav,D:\20_AUDIO\03_wav\individual\2021\SDRW2100000846\SDRW2100000846.1.1.222.lab,D:\20_AUDIO\08_textgrid_research_v2_staging\2021\SDRW2100000846\SDRW2100000846.1.1.222.TextGrid,pending,
19,2021,SDRW2100002015,SD2101823,SDRW2100002015.1.1.52,D:\20_AUDIO\03_wav\individual\2021\SDRW2100002015\SDRW2100002015.1.1.52.wav,D:\20_AUDIO\03_wav\individual\2021\SDRW2100002015\SDRW2100002015.1.1.52.lab,D:\20_AUDIO\08_textgrid_research_v2_staging\2021\SDRW2100002015\SDRW2100002015.1.1.52.TextGrid,pending,
20,2021,SDRW2100002320,SD2101951,SDRW2100002320.1.1.151,D:\20_AUDIO\03_wav\individual\2021\SDRW2100002320\SDRW2100002320.1.1.151.wav,D:\20_AUDIO\03_wav\individual\2021\SDRW2100002320\SDRW2100002320.1.1.151.lab,D:\20_AUDIO\08_textgrid_research_v2_staging\2021\SDRW2100002320\SDRW2100002320.1.1.151.TextGrid,pending,
21,2021,SDRW2100000105,SD2100105,SDRW2100000105.1.1.201,D:\20_AUDIO\03_wav\individual\2021\SDRW2100000105\SDRW2100000105.1.1.201.wav,D:\20_AUDIO\03_wav\individual\2021\SDRW2100000105\SDRW2100000105.1.1.201.lab,D:\20_AUDIO\08_textgrid_research_v2_staging\2021\SDRW2100000105\SDRW2100000105.1.1.201.TextGrid,pending,
22,2021,SDRW2100001537,SD2101537,SDRW2100001537.1.1.265,D:\20_AUDIO\03_wav\individual\2021\SDRW2100001537\SDRW2100001537.1.1.265.wav,D:\20_AUDIO\03_wav\individual\2021\SDRW2100001537\SDRW2100001537.1.1.265.lab,D:\20_AUDIO\08_textgrid_research_v2_staging\2021\SDRW2100001537\SDRW2100001537.1.1.265.TextGrid,pending,
23,2021,SDRW2100004119,SD2100965,SDRW2100004119.1.1.205,D:\20_AUDIO\03_wav\individual\2021\SDRW2100004119\SDRW2100004119.1.1.205.wav,D:\20_AUDIO\03_wav\individual\2021\SDRW2100004119\SDRW2100004119.1.1.205.lab,D:\20_AUDIO\08_textgrid_research_v2_staging\2021\SDRW2100004119\SDRW2100004119.1.1.205.TextGrid,pending,
24,2021,SDRW2100004054,SD2101179,SDRW2100004054.1.1.13,D:\20_AUDIO\03_wav\individual\2021\SDRW2100004054\SDRW2100004054.1.1.13.wav,D:\20_AUDIO\03_wav\individual\2021\SDRW2100004054\SDRW2100004054.1.1.13.lab,D:\20_AUDIO\08_textgrid_research_v2_staging\2021\SDRW2100004054\SDRW2100004054.1.1.13.TextGrid,pending,
