year,speaker_id,utt_id,target_token,eojeol_idx,form,lab_text,eojeol_map_status,tagged_group,morph_signature,candidate_id,pron_hangul,pron_source_field,urimal_id,lexicon_pos,sense_no,match_status,occurrence_mfa_status,match_reason,global_plain_word_status,manual_decision,manual_notes,source_search_master_csv
2020,SD2000940,SDRW2000000802.1.1.197,활동,3,손 이렇게 활동 같은 거 많이 하면 치매 예방에도 많이 좋지만은,손 이렇게 활동 같은 거 많이 하면 치매 예방에도 많이 좋지만은,position_exact,활동/NNG,활동/NNG,7c7e2d338d9fe5c208d8ff98325a885bb76d5a8b406ffe06a4ca0dc5e743c8c8,활똥,pron_1,328146,NNG,001,exact_single_morph_pos,eligible_occurrence_candidate,단일 형태소 표면형과 품사가 사전 표제어와 정확히 일치,pending_full_occurrence_audit,,,D:\10_LAYERS\05_search_master_pre_mfa_staging\pre_mfa_v1_20260725\2020\SDRW2000000802.csv
2020,SD2000940,SDRW2000000802.1.1.197,활동,3,손 이렇게 활동 같은 거 많이 하면 치매 예방에도 많이 좋지만은,손 이렇게 활동 같은 거 많이 하면 치매 예방에도 많이 좋지만은,position_exact,활동/NNG,활동/NNG,da5c307c37b9bbbb54b11a94482b53d59de4e2544f643d41d6a235f4618601f1,활똥,pron_1,28780,NNG,002,exact_single_morph_pos,eligible_occurrence_candidate,단일 형태소 표면형과 품사가 사전 표제어와 정확히 일치,pending_full_occurrence_audit,,,D:\10_LAYERS\05_search_master_pre_mfa_staging\pre_mfa_v1_20260725\2020\SDRW2000000802.csv
2020,SD2000940,SDRW2000000802.1.1.197,활동,3,손 이렇게 활동 같은 거 많이 하면 치매 예방에도 많이 좋지만은,손 이렇게 활동 같은 거 많이 하면 치매 예방에도 많이 좋지만은,position_exact,활동/NNG,활동/NNG,23d5931c0cc3156ce4c93fe94e12371e8cdf2e9a53f1c9933fa751d6ada5bd5e,활똥,pron_1,60281,NNG,003,exact_single_morph_pos,eligible_occurrence_candidate,단일 형태소 표면형과 품사가 사전 표제어와 정확히 일치,pending_full_occurrence_audit,,,D:\10_LAYERS\05_search_master_pre_mfa_staging\pre_mfa_v1_20260725\2020\SDRW2000000802.csv
2020,SD2000940,SDRW2000000802.1.1.197,활동,3,손 이렇게 활동 같은 거 많이 하면 치매 예방에도 많이 좋지만은,손 이렇게 활동 같은 거 많이 하면 치매 예방에도 많이 좋지만은,position_exact,활동/NNG,활동/NNG,f4bb34eefca2f6bbb2db10049736346d93818fa948cf7dda8af92a7846873728,활똥,pron_1,68261,NNG,004,exact_single_morph_pos,eligible_occurrence_candidate,단일 형태소 표면형과 품사가 사전 표제어와 정확히 일치,pending_full_occurrence_audit,,,D:\10_LAYERS\05_search_master_pre_mfa_staging\pre_mfa_v1_20260725\2020\SDRW2000000802.csv
2020,SD2000940,SDRW2000000802.1.1.197,활동,3,손 이렇게 활동 같은 거 많이 하면 치매 예방에도 많이 좋지만은,손 이렇게 활동 같은 거 많이 하면 치매 예방에도 많이 좋지만은,position_exact,활동/NNG,활동/NNG,b59c06955d051195429d8e204a85944146ef54c419529697e586c5fc6c778200,활똥,pron_1,70404,NNG,005,exact_single_morph_pos,eligible_occurrence_candidate,단일 형태소 표면형과 품사가 사전 표제어와 정확히 일치,pending_full_occurrence_audit,,,D:\10_LAYERS\05_search_master_pre_mfa_staging\pre_mfa_v1_20260725\2020\SDRW2000000802.csv
2020,SD2000940,SDRW2000000802.1.1.197,활동,3,손 이렇게 활동 같은 거 많이 하면 치매 예방에도 많이 좋지만은,손 이렇게 활동 같은 거 많이 하면 치매 예방에도 많이 좋지만은,position_exact,활동/NNG,활동/NNG,5855c9d21f5a67a7b93da413a862932f10d25d1f9c2e43acc0eec110abbf8594,활똥,pron_1,403561,NNG,006,exact_single_morph_pos,eligible_occurrence_candidate,단일 형태소 표면형과 품사가 사전 표제어와 정확히 일치,pending_full_occurrence_audit,,,D:\10_LAYERS\05_search_master_pre_mfa_staging\pre_mfa_v1_20260725\2020\SDRW2000000802.csv
2020,SD2000940,SDRW2000000802.1.1.197,활동,3,손 이렇게 활동 같은 거 많이 하면 치매 예방에도 많이 좋지만은,손 이렇게 활동 같은 거 많이 하면 치매 예방에도 많이 좋지만은,position_exact,활동/NNG,활동/NNG,8bdadfb338b57f885984906fac4be1f0b71b61c6080d84956c2a72a211b1c75c,활똥,pron_1,1489816,NNG,008,exact_single_morph_pos,eligible_occurrence_candidate,단일 형태소 표면형과 품사가 사전 표제어와 정확히 일치,pending_full_occurrence_audit,,,D:\10_LAYERS\05_search_master_pre_mfa_staging\pre_mfa_v1_20260725\2020\SDRW2000000802.csv
2020,SD2001133,SDRW2000000990.1.1.194,수가,5,그거는 지금 어떻게 할 수가 없을 거 같고,그거는 지금 어떻게 할 수가 없을 거 같고,position_exact,수/NNB+가/JKS,수/NNB+가/JKS,8bda3d1960897af914cb0242ba02f12da4ede7b10dd417aafca9a6501156a6dd,수까,pron_1,500615,NNG,005,surface_only_morphologically_composed,reference_only,표면 철자는 같지만 여러 형태소로 구성되어 단일 사전 표제어의 발음을 이 occurrence에 적용할 근거가 없음,pending_full_occurrence_audit,,,D:\10_LAYERS\05_search_master_pre_mfa_staging\pre_mfa_v1_20260725\2020\SDRW2000000990.csv
2020,SD2001133,SDRW2000000990.1.1.194,수가,5,그거는 지금 어떻게 할 수가 없을 거 같고,그거는 지금 어떻게 할 수가 없을 거 같고,position_exact,수/NNB+가/JKS,수/NNB+가/JKS,1cda09a09af422f41bbc40a26866cf8a6186428e2c3ac2bd1b4f0d894bc61b3d,수까,pron_1,500615,NNG,005,surface_only_morphologically_composed,reference_only,표면 철자는 같지만 여러 형태소로 구성되어 단일 사전 표제어의 발음을 이 occurrence에 적용할 근거가 없음,pending_full_occurrence_audit,,,D:\10_LAYERS\05_search_master_pre_mfa_staging\pre_mfa_v1_20260725\2020\SDRW2000000990.csv
2020,SD2001287,SDRW2000001129.1.1.466,굉장히,7,그래서 거기에 근데 가톨릭에 대한 게 굉장히 많이 나왔어요.,그래서 거기에 근데 가톨릭에 대한 게 굉장히 많이 나왔어요,position_exact,굉장히/MAG,굉장히/MAG,0e0709dde22e189bc055d3f84db29dea11d51fec3c9a22c4f6fcb7d9c2dd4e36,궹장히,pron_2,5084,MAG,001,exact_single_morph_pos,eligible_occurrence_candidate,단일 형태소 표면형과 품사가 사전 표제어와 정확히 일치,pending_full_occurrence_audit,,,D:\10_LAYERS\05_search_master_pre_mfa_staging\pre_mfa_v1_20260725\2020\SDRW2000001129.csv
2020,SD2001287,SDRW2000001129.1.1.466,굉장히,7,그래서 거기에 근데 가톨릭에 대한 게 굉장히 많이 나왔어요.,그래서 거기에 근데 가톨릭에 대한 게 굉장히 많이 나왔어요,position_exact,굉장히/MAG,굉장히/MAG,878fbaa8eae911a9d08a4b294c6a04415685bbbc49c8e8f0178d47335cb513e8,궹장히,pron_2,33882,MAG,002,exact_single_morph_pos,eligible_occurrence_candidate,단일 형태소 표면형과 품사가 사전 표제어와 정확히 일치,pending_full_occurrence_audit,,,D:\10_LAYERS\05_search_master_pre_mfa_staging\pre_mfa_v1_20260725\2020\SDRW2000001129.csv
2020,SD2001376,SDRW2000001214.1.1.95,있다,3,평가가 절하돼 있다,평가가 절하돼 있다,position_exact,있/VX+다/EF,있/VX+다/EF,37b8c41cfa80da6bafeb3ca84f1831c4645098fc1012a84bcfbda2ac058fd670,읻따,pron_1,370630,VV,001,surface_only_morphologically_composed,reference_only,표면 철자는 같지만 여러 형태소로 구성되어 단일 사전 표제어의 발음을 이 occurrence에 적용할 근거가 없음,pending_full_occurrence_audit,B가 더 나음,있다의 격음이 경음으로 표기됨. 다만 t͈ 부분에 대한 해석 필요,D:\10_LAYERS\05_search_master_pre_mfa_staging\pre_mfa_v1_20260725\2020\SDRW2000001214.csv
2020,SD2001376,SDRW2000001214.1.1.95,있다,3,평가가 절하돼 있다,평가가 절하돼 있다,position_exact,있/VX+다/EF,있/VX+다/EF,87a620981709eeaeab3b747b7c4fe29794c383e90d5bd314c96b9bd411aed8bc,읻따,pron_1,374152,VV,002,surface_only_morphologically_composed,reference_only,표면 철자는 같지만 여러 형태소로 구성되어 단일 사전 표제어의 발음을 이 occurrence에 적용할 근거가 없음,pending_full_occurrence_audit,B가 더 나음,있다의 격음이 경음으로 표기됨. 다만 t͈ 부분에 대한 해석 필요,D:\10_LAYERS\05_search_master_pre_mfa_staging\pre_mfa_v1_20260725\2020\SDRW2000001214.csv
2020,SD2001376,SDRW2000001214.1.1.95,있다,3,평가가 절하돼 있다,평가가 절하돼 있다,position_exact,있/VX+다/EF,있/VX+다/EF,c00e6c43e14d9add73352b3717a8915047e97fe37d5073691069678a3380b6f8,읻따,pron_1,395554,VV,003,surface_only_morphologically_composed,reference_only,표면 철자는 같지만 여러 형태소로 구성되어 단일 사전 표제어의 발음을 이 occurrence에 적용할 근거가 없음,pending_full_occurrence_audit,B가 더 나음,있다의 격음이 경음으로 표기됨. 다만 t͈ 부분에 대한 해석 필요,D:\10_LAYERS\05_search_master_pre_mfa_staging\pre_mfa_v1_20260725\2020\SDRW2000001214.csv
2020,SD2001376,SDRW2000001214.1.1.95,있다,3,평가가 절하돼 있다,평가가 절하돼 있다,position_exact,있/VX+다/EF,있/VX+다/EF,0e40866734c29eed445947cbbf8cb6101abe720d1205d7e277d5b504a63d4ab0,읻따,pron_1,395555,VV,004,surface_only_morphologically_composed,reference_only,표면 철자는 같지만 여러 형태소로 구성되어 단일 사전 표제어의 발음을 이 occurrence에 적용할 근거가 없음,pending_full_occurrence_audit,B가 더 나음,있다의 격음이 경음으로 표기됨. 다만 t͈ 부분에 대한 해석 필요,D:\10_LAYERS\05_search_master_pre_mfa_staging\pre_mfa_v1_20260725\2020\SDRW2000001214.csv
2020,SD2001376,SDRW2000001214.1.1.95,있다,3,평가가 절하돼 있다,평가가 절하돼 있다,position_exact,있/VX+다/EF,있/VX+다/EF,0a4d7c49cd79296b0127bd3bfd5673619bcfe11de2e6547bf0b0a9002f720498,읻따,pron_1,333940,VA,005,surface_only_morphologically_composed,reference_only,표면 철자는 같지만 여러 형태소로 구성되어 단일 사전 표제어의 발음을 이 occurrence에 적용할 근거가 없음,pending_full_occurrence_audit,B가 더 나음,있다의 격음이 경음으로 표기됨. 다만 t͈ 부분에 대한 해석 필요,D:\10_LAYERS\05_search_master_pre_mfa_staging\pre_mfa_v1_20260725\2020\SDRW2000001214.csv
2020,SD2001376,SDRW2000001214.1.1.95,있다,3,평가가 절하돼 있다,평가가 절하돼 있다,position_exact,있/VX+다/EF,있/VX+다/EF,0e8d6b0cb20ff23762b640c44cd89305d882ad5464020d888a04917973741d39,읻따,pron_1,337421,VA,006,surface_only_morphologically_composed,reference_only,표면 철자는 같지만 여러 형태소로 구성되어 단일 사전 표제어의 발음을 이 occurrence에 적용할 근거가 없음,pending_full_occurrence_audit,B가 더 나음,있다의 격음이 경음으로 표기됨. 다만 t͈ 부분에 대한 해석 필요,D:\10_LAYERS\05_search_master_pre_mfa_staging\pre_mfa_v1_20260725\2020\SDRW2000001214.csv
2020,SD2001376,SDRW2000001214.1.1.95,있다,3,평가가 절하돼 있다,평가가 절하돼 있다,position_exact,있/VX+다/EF,있/VX+다/EF,753ebbc78406a8bdd4943782ef6302144355857627195468c77533e49bb8d2f0,읻따,pron_1,338167,VA,007,surface_only_morphologically_composed,reference_only,표면 철자는 같지만 여러 형태소로 구성되어 단일 사전 표제어의 발음을 이 occurrence에 적용할 근거가 없음,pending_full_occurrence_audit,B가 더 나음,있다의 격음이 경음으로 표기됨. 다만 t͈ 부분에 대한 해석 필요,D:\10_LAYERS\05_search_master_pre_mfa_staging\pre_mfa_v1_20260725\2020\SDRW2000001214.csv
2020,SD2001376,SDRW2000001214.1.1.95,있다,3,평가가 절하돼 있다,평가가 절하돼 있다,position_exact,있/VX+다/EF,있/VX+다/EF,1f9287125dca3aefdc054280375203b281437fa3920022427e77d480fb5716da,읻따,pron_1,338461,VA,008,surface_only_morphologically_composed,reference_only,표면 철자는 같지만 여러 형태소로 구성되어 단일 사전 표제어의 발음을 이 occurrence에 적용할 근거가 없음,pending_full_occurrence_audit,B가 더 나음,있다의 격음이 경음으로 표기됨. 다만 t͈ 부분에 대한 해석 필요,D:\10_LAYERS\05_search_master_pre_mfa_staging\pre_mfa_v1_20260725\2020\SDRW2000001214.csv
2020,SD2001376,SDRW2000001214.1.1.95,있다,3,평가가 절하돼 있다,평가가 절하돼 있다,position_exact,있/VX+다/EF,있/VX+다/EF,1b3ead7695c3e8eeb196f7a52e66d24fb5ba15c556ae0ad29dc9461f5ce40024,읻따,pron_1,338461,VA,008,surface_only_morphologically_composed,reference_only,표면 철자는 같지만 여러 형태소로 구성되어 단일 사전 표제어의 발음을 이 occurrence에 적용할 근거가 없음,pending_full_occurrence_audit,B가 더 나음,있다의 격음이 경음으로 표기됨. 다만 t͈ 부분에 대한 해석 필요,D:\10_LAYERS\05_search_master_pre_mfa_staging\pre_mfa_v1_20260725\2020\SDRW2000001214.csv
2020,SD2001376,SDRW2000001214.1.1.95,있다,3,평가가 절하돼 있다,평가가 절하돼 있다,position_exact,있/VX+다/EF,있/VX+다/EF,46a22a9b853f914123f23693e016987a4dc2e78d14fbe1da17995453747463a8,읻따,pron_1,338639,VA,009,surface_only_morphologically_composed,reference_only,표면 철자는 같지만 여러 형태소로 구성되어 단일 사전 표제어의 발음을 이 occurrence에 적용할 근거가 없음,pending_full_occurrence_audit,B가 더 나음,있다의 격음이 경음으로 표기됨. 다만 t͈ 부분에 대한 해석 필요,D:\10_LAYERS\05_search_master_pre_mfa_staging\pre_mfa_v1_20260725\2020\SDRW2000001214.csv
2020,SD2001376,SDRW2000001214.1.1.95,있다,3,평가가 절하돼 있다,평가가 절하돼 있다,position_exact,있/VX+다/EF,있/VX+다/EF,b158f24ce333207aecb4b776f185475c6da28e1ed31d97c0b65ba11c148d70e7,읻따,pron_1,338674,VA,010,surface_only_morphologically_composed,reference_only,표면 철자는 같지만 여러 형태소로 구성되어 단일 사전 표제어의 발음을 이 occurrence에 적용할 근거가 없음,pending_full_occurrence_audit,B가 더 나음,있다의 격음이 경음으로 표기됨. 다만 t͈ 부분에 대한 해석 필요,D:\10_LAYERS\05_search_master_pre_mfa_staging\pre_mfa_v1_20260725\2020\SDRW2000001214.csv
2020,SD2001376,SDRW2000001214.1.1.95,있다,3,평가가 절하돼 있다,평가가 절하돼 있다,position_exact,있/VX+다/EF,있/VX+다/EF,a89e62a1e9ea8a4bfd5ff0e8fb2061256ad0cb0dc3cfe8ed23e44dc6ebae80a2,읻따,pron_1,338674,VA,010,surface_only_morphologically_composed,reference_only,표면 철자는 같지만 여러 형태소로 구성되어 단일 사전 표제어의 발음을 이 occurrence에 적용할 근거가 없음,pending_full_occurrence_audit,B가 더 나음,있다의 격음이 경음으로 표기됨. 다만 t͈ 부분에 대한 해석 필요,D:\10_LAYERS\05_search_master_pre_mfa_staging\pre_mfa_v1_20260725\2020\SDRW2000001214.csv
2020,SD2001376,SDRW2000001214.1.1.95,있다,3,평가가 절하돼 있다,평가가 절하돼 있다,position_exact,있/VX+다/EF,있/VX+다/EF,18d3f9063eef005012aa8b2939d5f7188e913fb7f3223e87c30fdfd2d01430e6,읻따,pron_1,334087,VA,011,surface_only_morphologically_composed,reference_only,표면 철자는 같지만 여러 형태소로 구성되어 단일 사전 표제어의 발음을 이 occurrence에 적용할 근거가 없음,pending_full_occurrence_audit,B가 더 나음,있다의 격음이 경음으로 표기됨. 다만 t͈ 부분에 대한 해석 필요,D:\10_LAYERS\05_search_master_pre_mfa_staging\pre_mfa_v1_20260725\2020\SDRW2000001214.csv
2020,SD2001376,SDRW2000001214.1.1.95,있다,3,평가가 절하돼 있다,평가가 절하돼 있다,position_exact,있/VX+다/EF,있/VX+다/EF,420b60a69e66c7674ad3886c48d312fbdcda726edc895176e7746a7f4d9c6e25,읻따,pron_1,337505,VA,012,surface_only_morphologically_composed,reference_only,표면 철자는 같지만 여러 형태소로 구성되어 단일 사전 표제어의 발음을 이 occurrence에 적용할 근거가 없음,pending_full_occurrence_audit,B가 더 나음,있다의 격음이 경음으로 표기됨. 다만 t͈ 부분에 대한 해석 필요,D:\10_LAYERS\05_search_master_pre_mfa_staging\pre_mfa_v1_20260725\2020\SDRW2000001214.csv
2020,SD2001376,SDRW2000001214.1.1.95,있다,3,평가가 절하돼 있다,평가가 절하돼 있다,position_exact,있/VX+다/EF,있/VX+다/EF,bbbc7128c8872d8ed520e1f9e388a59303631dd02d450c052702bd47b15d89ab,읻따,pron_1,338263,VA,013,surface_only_morphologically_composed,reference_only,표면 철자는 같지만 여러 형태소로 구성되어 단일 사전 표제어의 발음을 이 occurrence에 적용할 근거가 없음,pending_full_occurrence_audit,B가 더 나음,있다의 격음이 경음으로 표기됨. 다만 t͈ 부분에 대한 해석 필요,D:\10_LAYERS\05_search_master_pre_mfa_staging\pre_mfa_v1_20260725\2020\SDRW2000001214.csv
2020,SD2001376,SDRW2000001214.1.1.95,있다,3,평가가 절하돼 있다,평가가 절하돼 있다,position_exact,있/VX+다/EF,있/VX+다/EF,4fb6b3a51721ddb566fde57b270ba5568c069097286b24b2a61f9fc2e557dc72,읻따,pron_1,338556,VA,014,surface_only_morphologically_composed,reference_only,표면 철자는 같지만 여러 형태소로 구성되어 단일 사전 표제어의 발음을 이 occurrence에 적용할 근거가 없음,pending_full_occurrence_audit,B가 더 나음,있다의 격음이 경음으로 표기됨. 다만 t͈ 부분에 대한 해석 필요,D:\10_LAYERS\05_search_master_pre_mfa_staging\pre_mfa_v1_20260725\2020\SDRW2000001214.csv
2020,SD2001376,SDRW2000001214.1.1.95,있다,3,평가가 절하돼 있다,평가가 절하돼 있다,position_exact,있/VX+다/EF,있/VX+다/EF,26681cc7a9fff13a580fd909217d2e7e77df5b166c4164bb379e90f43fe2dfae,읻따,pron_1,338556,VA,014,surface_only_morphologically_composed,reference_only,표면 철자는 같지만 여러 형태소로 구성되어 단일 사전 표제어의 발음을 이 occurrence에 적용할 근거가 없음,pending_full_occurrence_audit,B가 더 나음,있다의 격음이 경음으로 표기됨. 다만 t͈ 부분에 대한 해석 필요,D:\10_LAYERS\05_search_master_pre_mfa_staging\pre_mfa_v1_20260725\2020\SDRW2000001214.csv
2020,SD2001376,SDRW2000001214.1.1.95,있다,3,평가가 절하돼 있다,평가가 절하돼 있다,position_exact,있/VX+다/EF,있/VX+다/EF,70a7b9ad8541e581ea24d0ce3dddbf06c9acc38f690a11bbaa84f5f454512697,읻따,pron_1,338603,VA,015,surface_only_morphologically_composed,reference_only,표면 철자는 같지만 여러 형태소로 구성되어 단일 사전 표제어의 발음을 이 occurrence에 적용할 근거가 없음,pending_full_occurrence_audit,B가 더 나음,있다의 격음이 경음으로 표기됨. 다만 t͈ 부분에 대한 해석 필요,D:\10_LAYERS\05_search_master_pre_mfa_staging\pre_mfa_v1_20260725\2020\SDRW2000001214.csv
2020,SD2001376,SDRW2000001214.1.1.95,있다,3,평가가 절하돼 있다,평가가 절하돼 있다,position_exact,있/VX+다/EF,있/VX+다/EF,9e0990419e9989214711bdff3b7548d0c68988b484dbe5cc66a12d86f89afb3c,읻따,pron_1,334226,VA,016,surface_only_morphologically_composed,reference_only,표면 철자는 같지만 여러 형태소로 구성되어 단일 사전 표제어의 발음을 이 occurrence에 적용할 근거가 없음,pending_full_occurrence_audit,B가 더 나음,있다의 격음이 경음으로 표기됨. 다만 t͈ 부분에 대한 해석 필요,D:\10_LAYERS\05_search_master_pre_mfa_staging\pre_mfa_v1_20260725\2020\SDRW2000001214.csv
2020,SD2001376,SDRW2000001214.1.1.95,있다,3,평가가 절하돼 있다,평가가 절하돼 있다,position_exact,있/VX+다/EF,있/VX+다/EF,5d2ce99b7ecc387cae7c98b11064d8b123f4b9ab1dac77a0bb795ba42cbebec6,읻따,pron_1,337561,VA,017,surface_only_morphologically_composed,reference_only,표면 철자는 같지만 여러 형태소로 구성되어 단일 사전 표제어의 발음을 이 occurrence에 적용할 근거가 없음,pending_full_occurrence_audit,B가 더 나음,있다의 격음이 경음으로 표기됨. 다만 t͈ 부분에 대한 해석 필요,D:\10_LAYERS\05_search_master_pre_mfa_staging\pre_mfa_v1_20260725\2020\SDRW2000001214.csv
2020,SD2001376,SDRW2000001214.1.1.95,있다,3,평가가 절하돼 있다,평가가 절하돼 있다,position_exact,있/VX+다/EF,있/VX+다/EF,241a175e9a655246ac10d9ebb42274041a01164a307d0f136c938bfede513563,읻따,pron_1,338322,VA,018,surface_only_morphologically_composed,reference_only,표면 철자는 같지만 여러 형태소로 구성되어 단일 사전 표제어의 발음을 이 occurrence에 적용할 근거가 없음,pending_full_occurrence_audit,B가 더 나음,있다의 격음이 경음으로 표기됨. 다만 t͈ 부분에 대한 해석 필요,D:\10_LAYERS\05_search_master_pre_mfa_staging\pre_mfa_v1_20260725\2020\SDRW2000001214.csv
2020,SD2001376,SDRW2000001214.1.1.95,있다,3,평가가 절하돼 있다,평가가 절하돼 있다,position_exact,있/VX+다/EF,있/VX+다/EF,291b50945f0163ff30bcb5f9d67aab1d4bcd98beceb61ca3c50be0789239c5f4,읻따,pron_1,359068,VA,019,surface_only_morphologically_composed,reference_only,표면 철자는 같지만 여러 형태소로 구성되어 단일 사전 표제어의 발음을 이 occurrence에 적용할 근거가 없음,pending_full_occurrence_audit,B가 더 나음,있다의 격음이 경음으로 표기됨. 다만 t͈ 부분에 대한 해석 필요,D:\10_LAYERS\05_search_master_pre_mfa_staging\pre_mfa_v1_20260725\2020\SDRW2000001214.csv
2020,SD2001376,SDRW2000001214.1.1.95,있다,3,평가가 절하돼 있다,평가가 절하돼 있다,position_exact,있/VX+다/EF,있/VX+다/EF,cbd2a1d9a2e3f20f16da69f2b3e05dfff3e94bda62f4ae64e4fd35ee09635e72,읻따,pron_1,359069,VA,020,surface_only_morphologically_composed,reference_only,표면 철자는 같지만 여러 형태소로 구성되어 단일 사전 표제어의 발음을 이 occurrence에 적용할 근거가 없음,pending_full_occurrence_audit,B가 더 나음,있다의 격음이 경음으로 표기됨. 다만 t͈ 부분에 대한 해석 필요,D:\10_LAYERS\05_search_master_pre_mfa_staging\pre_mfa_v1_20260725\2020\SDRW2000001214.csv
2020,SD2001376,SDRW2000001214.1.1.95,있다,3,평가가 절하돼 있다,평가가 절하돼 있다,position_exact,있/VX+다/EF,있/VX+다/EF,922258f7d10e4f10518bbc0b4ae144419f68467b0931f8484d8515cb881b7dbd,읻따,pron_1,359070,VA,021,surface_only_morphologically_composed,reference_only,표면 철자는 같지만 여러 형태소로 구성되어 단일 사전 표제어의 발음을 이 occurrence에 적용할 근거가 없음,pending_full_occurrence_audit,B가 더 나음,있다의 격음이 경음으로 표기됨. 다만 t͈ 부분에 대한 해석 필요,D:\10_LAYERS\05_search_master_pre_mfa_staging\pre_mfa_v1_20260725\2020\SDRW2000001214.csv
2020,SD2001376,SDRW2000001214.1.1.95,있다,3,평가가 절하돼 있다,평가가 절하돼 있다,position_exact,있/VX+다/EF,있/VX+다/EF,10d7b968962ac5f2fb13f446018a50c3f0e42d5dc1c732666b2e160dae8a9848,읻따,pron_1,441040,VX,022,predicate_dictionary_form_pos,eligible_occurrence_candidate,용언 어간+다/EF가 사전 -다 표제어와 품사까지 일치,pending_full_occurrence_audit,B가 더 나음,있다의 격음이 경음으로 표기됨. 다만 t͈ 부분에 대한 해석 필요,D:\10_LAYERS\05_search_master_pre_mfa_staging\pre_mfa_v1_20260725\2020\SDRW2000001214.csv
2020,SD2001376,SDRW2000001214.1.1.95,있다,3,평가가 절하돼 있다,평가가 절하돼 있다,position_exact,있/VX+다/EF,있/VX+다/EF,7170de2b874a747ba153fdf731c992a9812616f3c7fd186f839d854ebc91d3bd,읻따,pron_1,444370,VX,023,predicate_dictionary_form_pos,eligible_occurrence_candidate,용언 어간+다/EF가 사전 -다 표제어와 품사까지 일치,pending_full_occurrence_audit,B가 더 나음,있다의 격음이 경음으로 표기됨. 다만 t͈ 부분에 대한 해석 필요,D:\10_LAYERS\05_search_master_pre_mfa_staging\pre_mfa_v1_20260725\2020\SDRW2000001214.csv
2020,SD2002454,SDRW2000001983.1.1.304,저희,3,어~ 왜냐하면 저희 동네에,어 왜냐하면 저희 동네에,unique_surface_recovery,저희/NP,저희/NP,a57673900f6c7741af9992c11a7ba6eca90d098dd8b415af52424524eff495ed,저히,pron_1,21130,NP,001,exact_single_morph_pos,eligible_occurrence_candidate,단일 형태소 표면형과 품사가 사전 표제어와 정확히 일치,pending_full_occurrence_audit,,,D:\10_LAYERS\05_search_master_pre_mfa_staging\pre_mfa_v1_20260725\2020\SDRW2000001983.csv
2020,SD2002454,SDRW2000001983.1.1.304,저희,3,어~ 왜냐하면 저희 동네에,어 왜냐하면 저희 동네에,unique_surface_recovery,저희/NP,저희/NP,ecc982613de83ab3b03484ecc03d74cbdb297eb880df3c8151d9e64902d0e0ae,저히,pron_1,53610,NP,002,exact_single_morph_pos,eligible_occurrence_candidate,단일 형태소 표면형과 품사가 사전 표제어와 정확히 일치,pending_full_occurrence_audit,,,D:\10_LAYERS\05_search_master_pre_mfa_staging\pre_mfa_v1_20260725\2020\SDRW2000001983.csv
2020,SD2002454,SDRW2000001983.1.1.304,저희,3,어~ 왜냐하면 저희 동네에,어 왜냐하면 저희 동네에,unique_surface_recovery,저희/NP,저희/NP,a9759b49bfe1385eff487a114710570a4d1ed0e952272ac9fe3032c1f35fc541,저히,pron_1,66561,NP,003,exact_single_morph_pos,eligible_occurrence_candidate,단일 형태소 표면형과 품사가 사전 표제어와 정확히 일치,pending_full_occurrence_audit,,,D:\10_LAYERS\05_search_master_pre_mfa_staging\pre_mfa_v1_20260725\2020\SDRW2000001983.csv
2020,SD2002454,SDRW2000001983.1.1.304,저희,3,어~ 왜냐하면 저희 동네에,어 왜냐하면 저희 동네에,unique_surface_recovery,저희/NP,저희/NP,3973ab862ad2fbf407358844dda38e91f716594e6703442cb920ccafe2c0fcc0,저히,pron_1,263134,NNG,004,surface_only_pos_mismatch,reference_only,표면형은 같지만 Bareun 품사 NP와 사전 품사 NNG가 다름,pending_full_occurrence_audit,,,D:\10_LAYERS\05_search_master_pre_mfa_staging\pre_mfa_v1_20260725\2020\SDRW2000001983.csv
2021,SD2100929,SDRW2100004005.1.1.269,그렇지,1,그렇지 그러니까,그렇지 그러니까,position_exact,그렇/VA+지/EF,그렇/VA+지/EF,3e08824f36a320a45250ce93246c073a8f9e48c014eadb70d1e0536cc346ed06,그러치,pron_1,102438,IC,001,surface_only_morphologically_composed,reference_only,표면 철자는 같지만 여러 형태소로 구성되어 단일 사전 표제어의 발음을 이 occurrence에 적용할 근거가 없음,pending_full_occurrence_audit,,,D:\10_LAYERS\05_search_master_pre_mfa_staging\pre_mfa_v1_20260725\2021\SDRW2100004005.csv
2021,SD2101269,SDRW2100003929.1.1.245,열심히,5,지금 갖고 있는 직장에서 열심히 충실하면서 일을 하되,지금 갖고 있는 직장에서 열심히 충실하면서 일을 하되,position_exact,열심히/MAG,열심히/MAG,0aeed42f30923d851085cad09bd55c06ced5f51ec1cc081d89dae6287a0d1292,열씸히,pron_1,229695,MAG,001,exact_single_morph_pos,eligible_occurrence_candidate,단일 형태소 표면형과 품사가 사전 표제어와 정확히 일치,pending_full_occurrence_audit,,,D:\10_LAYERS\05_search_master_pre_mfa_staging\pre_mfa_v1_20260725\2021\SDRW2100003929.csv
2021,SD2101455,SDRW2100004192.1.1.172,것,8,이상한 트로트 듣고 아저씨 나와가지고 약간 봉춤출 것 같고 그런,이상한 트로트 듣고 아저씨 나와가지고 약간 봉춤출 것 같고 그런,unique_surface_recovery,것/NNB,것/NNB,17dbc24e6d91b2842488ab4432d3bcc81cb468dc311e662f491835ff924f39de,걷,pron_1,3277,NNB,001,exact_single_morph_pos,eligible_occurrence_candidate,단일 형태소 표면형과 품사가 사전 표제어와 정확히 일치,pending_full_occurrence_audit,,,D:\10_LAYERS\05_search_master_pre_mfa_staging\pre_mfa_v1_20260725\2021\SDRW2100004192.csv
2021,SD2101455,SDRW2100004192.1.1.172,것,8,이상한 트로트 듣고 아저씨 나와가지고 약간 봉춤출 것 같고 그런,이상한 트로트 듣고 아저씨 나와가지고 약간 봉춤출 것 같고 그런,unique_surface_recovery,것/NNB,것/NNB,7b12df16a7967eeb58185f140893ccca528ae4e52252429df14111749ddfe9b5,걷,pron_1,33145,NNB,002,exact_single_morph_pos,eligible_occurrence_candidate,단일 형태소 표면형과 품사가 사전 표제어와 정확히 일치,pending_full_occurrence_audit,,,D:\10_LAYERS\05_search_master_pre_mfa_staging\pre_mfa_v1_20260725\2021\SDRW2100004192.csv
2021,SD2101455,SDRW2100004192.1.1.172,것,8,이상한 트로트 듣고 아저씨 나와가지고 약간 봉춤출 것 같고 그런,이상한 트로트 듣고 아저씨 나와가지고 약간 봉춤출 것 같고 그런,unique_surface_recovery,것/NNB,것/NNB,94431ab7ee3d28e3f89c01a1a4a1773fd07a80a3c8fde8cfcfdeab0e0084d03d,걷,pron_1,33145,NNB,002,exact_single_morph_pos,eligible_occurrence_candidate,단일 형태소 표면형과 품사가 사전 표제어와 정확히 일치,pending_full_occurrence_audit,,,D:\10_LAYERS\05_search_master_pre_mfa_staging\pre_mfa_v1_20260725\2021\SDRW2100004192.csv
2021,SD2101455,SDRW2100004192.1.1.172,것,8,이상한 트로트 듣고 아저씨 나와가지고 약간 봉춤출 것 같고 그런,이상한 트로트 듣고 아저씨 나와가지고 약간 봉춤출 것 같고 그런,unique_surface_recovery,것/NNB,것/NNB,d5672186e9f134bf1ad5f46616159c3aeb77c4571a1d7f1d0c2f48fcee6d4cd1,걷,pron_1,63647,NNB,003,exact_single_morph_pos,eligible_occurrence_candidate,단일 형태소 표면형과 품사가 사전 표제어와 정확히 일치,pending_full_occurrence_audit,,,D:\10_LAYERS\05_search_master_pre_mfa_staging\pre_mfa_v1_20260725\2021\SDRW2100004192.csv
2021,SD2101455,SDRW2100004192.1.1.172,것,8,이상한 트로트 듣고 아저씨 나와가지고 약간 봉춤출 것 같고 그런,이상한 트로트 듣고 아저씨 나와가지고 약간 봉춤출 것 같고 그런,unique_surface_recovery,것/NNB,것/NNB,6efa18397fcd93ef10ae0b64549302ab2e159b0540b91947da62af73acfdb3ef,걷,pron_1,69542,NNB,004,exact_single_morph_pos,eligible_occurrence_candidate,단일 형태소 표면형과 품사가 사전 표제어와 정확히 일치,pending_full_occurrence_audit,,,D:\10_LAYERS\05_search_master_pre_mfa_staging\pre_mfa_v1_20260725\2021\SDRW2100004192.csv
2021,SD2101455,SDRW2100004192.1.1.172,것,8,이상한 트로트 듣고 아저씨 나와가지고 약간 봉춤출 것 같고 그런,이상한 트로트 듣고 아저씨 나와가지고 약간 봉춤출 것 같고 그런,unique_surface_recovery,것/NNB,것/NNB,ce4aa72be8f209f7ac42614b08d28434a7f6867574aefe936bf8f97c102c67c8,걷,pron_1,71446,NNB,005,exact_single_morph_pos,eligible_occurrence_candidate,단일 형태소 표면형과 품사가 사전 표제어와 정확히 일치,pending_full_occurrence_audit,,,D:\10_LAYERS\05_search_master_pre_mfa_staging\pre_mfa_v1_20260725\2021\SDRW2100004192.csv
2021,SD2101455,SDRW2100004192.1.1.172,것,8,이상한 트로트 듣고 아저씨 나와가지고 약간 봉춤출 것 같고 그런,이상한 트로트 듣고 아저씨 나와가지고 약간 봉춤출 것 같고 그런,unique_surface_recovery,것/NNB,것/NNB,1a57a7afe6820f8fb3fc7ab7959ddcfda5f663aa434299b9c25deb79a8871dd1,걷,pron_1,72321,NNB,006,exact_single_morph_pos,eligible_occurrence_candidate,단일 형태소 표면형과 품사가 사전 표제어와 정확히 일치,pending_full_occurrence_audit,,,D:\10_LAYERS\05_search_master_pre_mfa_staging\pre_mfa_v1_20260725\2021\SDRW2100004192.csv
2021,SD2101455,SDRW2100004192.1.1.172,것,8,이상한 트로트 듣고 아저씨 나와가지고 약간 봉춤출 것 같고 그런,이상한 트로트 듣고 아저씨 나와가지고 약간 봉춤출 것 같고 그런,unique_surface_recovery,것/NNB,것/NNB,b4aae764de81a79236dbf63705c9e378759f8066b2e45d3f7af503e9cff8d6d8,걷,pron_1,72321,NNB,006,exact_single_morph_pos,eligible_occurrence_candidate,단일 형태소 표면형과 품사가 사전 표제어와 정확히 일치,pending_full_occurrence_audit,,,D:\10_LAYERS\05_search_master_pre_mfa_staging\pre_mfa_v1_20260725\2021\SDRW2100004192.csv
2021,SD2101455,SDRW2100004192.1.1.172,약간,6,이상한 트로트 듣고 아저씨 나와가지고 약간 봉춤출 것 같고 그런,이상한 트로트 듣고 아저씨 나와가지고 약간 봉춤출 것 같고 그런,unique_surface_recovery,약간/MAG,약간/MAG,e7cee24b9dd6e012a684d8a8edb4a65eccef2cd01c0eab2e723f1629b7e43013,약깐,pron_1,465299,NNG,001,surface_only_pos_mismatch,reference_only,표면형은 같지만 Bareun 품사 MAG와 사전 품사 NNG가 다름,pending_full_occurrence_audit,,,D:\10_LAYERS\05_search_master_pre_mfa_staging\pre_mfa_v1_20260725\2021\SDRW2100004192.csv
2021,SD2101455,SDRW2100004192.1.1.172,약간,6,이상한 트로트 듣고 아저씨 나와가지고 약간 봉춤출 것 같고 그런,이상한 트로트 듣고 아저씨 나와가지고 약간 봉춤출 것 같고 그런,unique_surface_recovery,약간/MAG,약간/MAG,1f60186bdd199eeb7eda0c513684c67b900cf5f8d606af95fa83023280518086,약깐,pron_1,219818,MAG,002,exact_single_morph_pos,eligible_occurrence_candidate,단일 형태소 표면형과 품사가 사전 표제어와 정확히 일치,pending_full_occurrence_audit,,,D:\10_LAYERS\05_search_master_pre_mfa_staging\pre_mfa_v1_20260725\2021\SDRW2100004192.csv
2021,SD2102072,SDRW2100003809.1.1.206,못,7,근데 나는 약간 그 자리에서 말 못 하고,근데 나는 약간 그 자리에서 말 못 하고,position_exact,못/MAG,못/MAG,0b44eb0d451b9f2dfa9308b5d21f4de7545f25956dc6dcc5373679bb37c033cd,몯,pron_1,153252,NNG,001,surface_only_pos_mismatch,reference_only,표면형은 같지만 Bareun 품사 MAG와 사전 품사 NNG가 다름,pending_full_occurrence_audit,,,D:\10_LAYERS\05_search_master_pre_mfa_staging\pre_mfa_v1_20260725\2021\SDRW2100003809.csv
2021,SD2102072,SDRW2100003809.1.1.206,못,7,근데 나는 약간 그 자리에서 말 못 하고,근데 나는 약간 그 자리에서 말 못 하고,position_exact,못/MAG,못/MAG,b133ee650840de3760b501eed6496cb81333bb1e1db9e227be3acd1333caa11c,몯,pron_1,153466,NNG,002,surface_only_pos_mismatch,reference_only,표면형은 같지만 Bareun 품사 MAG와 사전 품사 NNG가 다름,pending_full_occurrence_audit,,,D:\10_LAYERS\05_search_master_pre_mfa_staging\pre_mfa_v1_20260725\2021\SDRW2100003809.csv
2021,SD2102072,SDRW2100003809.1.1.206,못,7,근데 나는 약간 그 자리에서 말 못 하고,근데 나는 약간 그 자리에서 말 못 하고,position_exact,못/MAG,못/MAG,86b4e028a006b6e3c4785f8eb8337ee96d1dadd0470209562b500ffbe17980eb,몯,pron_1,568317,NNG,003,surface_only_pos_mismatch,reference_only,표면형은 같지만 Bareun 품사 MAG와 사전 품사 NNG가 다름,pending_full_occurrence_audit,,,D:\10_LAYERS\05_search_master_pre_mfa_staging\pre_mfa_v1_20260725\2021\SDRW2100003809.csv
2021,SD2102072,SDRW2100003809.1.1.206,못,7,근데 나는 약간 그 자리에서 말 못 하고,근데 나는 약간 그 자리에서 말 못 하고,position_exact,못/MAG,못/MAG,bb657119b167a8ec3a36fd175322266137ced630c21ca806f79a98dfc3c51307,몯,pron_1,1633295,NNG,009,surface_only_pos_mismatch,reference_only,표면형은 같지만 Bareun 품사 MAG와 사전 품사 NNG가 다름,pending_full_occurrence_audit,,,D:\10_LAYERS\05_search_master_pre_mfa_staging\pre_mfa_v1_20260725\2021\SDRW2100003809.csv
2021,SD2102072,SDRW2100003809.1.1.206,약간,3,근데 나는 약간 그 자리에서 말 못 하고,근데 나는 약간 그 자리에서 말 못 하고,position_exact,약간/MAG,약간/MAG,e7cee24b9dd6e012a684d8a8edb4a65eccef2cd01c0eab2e723f1629b7e43013,약깐,pron_1,465299,NNG,001,surface_only_pos_mismatch,reference_only,표면형은 같지만 Bareun 품사 MAG와 사전 품사 NNG가 다름,pending_full_occurrence_audit,,,D:\10_LAYERS\05_search_master_pre_mfa_staging\pre_mfa_v1_20260725\2021\SDRW2100003809.csv
2021,SD2102072,SDRW2100003809.1.1.206,약간,3,근데 나는 약간 그 자리에서 말 못 하고,근데 나는 약간 그 자리에서 말 못 하고,position_exact,약간/MAG,약간/MAG,1f60186bdd199eeb7eda0c513684c67b900cf5f8d606af95fa83023280518086,약깐,pron_1,219818,MAG,002,exact_single_morph_pos,eligible_occurrence_candidate,단일 형태소 표면형과 품사가 사전 표제어와 정확히 일치,pending_full_occurrence_audit,,,D:\10_LAYERS\05_search_master_pre_mfa_staging\pre_mfa_v1_20260725\2021\SDRW2100003809.csv
2021,SD2102126,SDRW2100004229.1.1.95,작은,2,그냥 작은 회사라도,그냥 작은 회사라도,position_exact,작/VA+은/ETM,작/VA+은/ETM,a66196633cb10e4c0596787c937d918d1b3779cf99dda096f632965da4e1f866,자근,pron_1,1476724,NNG,002,surface_only_morphologically_composed,reference_only,표면 철자는 같지만 여러 형태소로 구성되어 단일 사전 표제어의 발음을 이 occurrence에 적용할 근거가 없음,pending_full_occurrence_audit,,,D:\10_LAYERS\05_search_master_pre_mfa_staging\pre_mfa_v1_20260725\2021\SDRW2100004229.csv
2022,SD2200258,SDRW2200000665.1.1.245,솔직히,3,식혜랑 수정과는 솔직히 수제라고 하는데 너무 달았거든.,식혜랑 수정과는 솔직히 수제라고 하는데 너무 달았거든,position_exact,솔직히/MAG,솔직히/MAG,e226ebba0c62644899e68ba9bb7d41134b76ce8e56606ddd8e33d50a6631ec77,솔찌키,pron_1,199962,MAG,001,exact_single_morph_pos,eligible_occurrence_candidate,단일 형태소 표면형과 품사가 사전 표제어와 정확히 일치,pending_full_occurrence_audit,,,D:\10_LAYERS\05_search_master_pre_mfa_staging\pre_mfa_v1_20260725\2022\SDRW2200000665.csv
2022,SD2200898,SDRW2200001699.1.1.92,거의,3,샤워할 때는 거의 노래를 듣는 편이지.,샤워할 때는 거의 노래를 듣는 편이지,position_exact,거의/MAG,거의/MAG,529f5f5a57341158ccf7d13da1313928bb84fa8b70d1d47e6b80a065bc1a9593,거이,pron_2,413024,NNG,001,surface_only_pos_mismatch,reference_only,표면형은 같지만 Bareun 품사 MAG와 사전 품사 NNG가 다름,pending_full_occurrence_audit,,,D:\10_LAYERS\05_search_master_pre_mfa_staging\pre_mfa_v1_20260725\2022\SDRW2200001699.csv
2022,SD2200898,SDRW2200001699.1.1.92,거의,3,샤워할 때는 거의 노래를 듣는 편이지.,샤워할 때는 거의 노래를 듣는 편이지,position_exact,거의/MAG,거의/MAG,29acd9e566341470f8ac050a084c7c74093290c4700de865cc85b76dec85c1db,거이,pron_2,82597,MAG,002,exact_single_morph_pos,eligible_occurrence_candidate,단일 형태소 표면형과 품사가 사전 표제어와 정확히 일치,pending_full_occurrence_audit,,,D:\10_LAYERS\05_search_master_pre_mfa_staging\pre_mfa_v1_20260725\2022\SDRW2200001699.csv
2022,SD2201098,SDRW2200000999.1.1.133,열심히,9,어 게 사람마다 보는 관점이 다르잖아. 그래서 내가 열심히 만든 걸,어 게 사람마다 보는 관점이 다르잖아 그래서 내가 열심히 만든 걸,position_exact,열심히/MAG,열심히/MAG,0aeed42f30923d851085cad09bd55c06ced5f51ec1cc081d89dae6287a0d1292,열씸히,pron_1,229695,MAG,001,exact_single_morph_pos,eligible_occurrence_candidate,단일 형태소 표면형과 품사가 사전 표제어와 정확히 일치,pending_full_occurrence_audit,,,D:\10_LAYERS\05_search_master_pre_mfa_staging\pre_mfa_v1_20260725\2022\SDRW2200000999.csv
2022,SD2201450,SDRW2200000842.1.1.184,그렇지만,2,응 그렇지만 내가 제주도를,응 그렇지만 내가 제주도를,position_exact,그렇지만/MAJ,그렇지만/MAJ,74f646c3aad521e6419cd1dbe5284db434bd2842cb06b848f1417f1ce209b587,그러치만,pron_1,102440,MAG,001,surface_only_pos_mismatch,reference_only,표면형은 같지만 Bareun 품사 MAJ와 사전 품사 MAG가 다름,pending_full_occurrence_audit,,,D:\10_LAYERS\05_search_master_pre_mfa_staging\pre_mfa_v1_20260725\2022\SDRW2200000842.csv
2022,SD2202208,SDRW2200002747.1.1.144,솔직히,4,그게 이제 난 솔직히 아빠가 안 가도 된다 하면은,그게 이제 난 솔직히 아빠가 안 가도 된다 하면은,position_exact,솔직히/MAG,솔직히/MAG,e226ebba0c62644899e68ba9bb7d41134b76ce8e56606ddd8e33d50a6631ec77,솔찌키,pron_1,199962,MAG,001,exact_single_morph_pos,eligible_occurrence_candidate,단일 형태소 표면형과 품사가 사전 표제어와 정확히 일치,pending_full_occurrence_audit,,,D:\10_LAYERS\05_search_master_pre_mfa_staging\pre_mfa_v1_20260725\2022\SDRW2200002747.csv
2023,SD2300005,SDRW2300000008.1.1.238,막연히,2,진짜 막연히,진짜 막연히,position_exact,막연히/MAG,막연히/MAG,d98d42776ca9a3dd005b6461e6ed3ebdde6de9b00c0e4833e07cf5a9765b82a2,마견히,pron_1,403948,MAG,001,exact_single_morph_pos,eligible_occurrence_candidate,단일 형태소 표면형과 품사가 사전 표제어와 정확히 일치,pending_full_occurrence_audit,,,D:\10_LAYERS\05_search_master_pre_mfa_staging\pre_mfa_v1_20260725\2023\SDRW2300000008.csv
2023,SD2300005,SDRW2300000008.1.1.238,막연히,2,진짜 막연히,진짜 막연히,position_exact,막연히/MAG,막연히/MAG,dc72880f11ec2a2e601ffe8253d628dd79bcfd5fc17239cb16f997648362fa13,마견히,pron_1,408323,MAG,002,exact_single_morph_pos,eligible_occurrence_candidate,단일 형태소 표면형과 품사가 사전 표제어와 정확히 일치,pending_full_occurrence_audit,,,D:\10_LAYERS\05_search_master_pre_mfa_staging\pre_mfa_v1_20260725\2023\SDRW2300000008.csv
2023,SD2300170,SDRW2300000171.1.1.108,그것,7,아 방금 동생이 얘기한 것처럼 우리도 그것 때문에 갈등을,아 방금 동생이 얘기한 것처럼 우리도 그것 때문에 갈등을,position_exact,그것/NP,그것/NP,b93b4f5fd78e6a6eda5c9e2f330e849d8da892f0e695ad75c999cec41b5e6e46,그걷,pron_1,7150,NP,001,exact_single_morph_pos,eligible_occurrence_candidate,단일 형태소 표면형과 품사가 사전 표제어와 정확히 일치,pending_full_occurrence_audit,둘 다 무난,A가 좀 더 유성음을 반영함,D:\10_LAYERS\05_search_master_pre_mfa_staging\pre_mfa_v1_20260725\2023\SDRW2300000171.csv
2023,SD2300170,SDRW2300000171.1.1.108,그것,7,아 방금 동생이 얘기한 것처럼 우리도 그것 때문에 갈등을,아 방금 동생이 얘기한 것처럼 우리도 그것 때문에 갈등을,position_exact,그것/NP,그것/NP,882830658d1ef18cba4795e17a6e4700b4f2c7c5b19a870f7e2d0bd7a231525c,그걷,pron_1,7150,NP,001,exact_single_morph_pos,eligible_occurrence_candidate,단일 형태소 표면형과 품사가 사전 표제어와 정확히 일치,pending_full_occurrence_audit,둘 다 무난,A가 좀 더 유성음을 반영함,D:\10_LAYERS\05_search_master_pre_mfa_staging\pre_mfa_v1_20260725\2023\SDRW2300000171.csv
2023,SD2300170,SDRW2300000171.1.1.108,그것,7,아 방금 동생이 얘기한 것처럼 우리도 그것 때문에 갈등을,아 방금 동생이 얘기한 것처럼 우리도 그것 때문에 갈등을,position_exact,그것/NP,그것/NP,a04cfa03371b051da804594ad28038dbe2bced9734fb95c30e152922fdcf1791,그걷,pron_1,35122,NP,002,exact_single_morph_pos,eligible_occurrence_candidate,단일 형태소 표면형과 품사가 사전 표제어와 정확히 일치,pending_full_occurrence_audit,둘 다 무난,A가 좀 더 유성음을 반영함,D:\10_LAYERS\05_search_master_pre_mfa_staging\pre_mfa_v1_20260725\2023\SDRW2300000171.csv
2023,SD2300170,SDRW2300000171.1.1.108,그것,7,아 방금 동생이 얘기한 것처럼 우리도 그것 때문에 갈등을,아 방금 동생이 얘기한 것처럼 우리도 그것 때문에 갈등을,position_exact,그것/NP,그것/NP,03f40218998e23f0b032badc3c355f9dc3a04b3f58a60d64de9fdcab0b03b05e,그걷,pron_1,63253,NP,003,exact_single_morph_pos,eligible_occurrence_candidate,단일 형태소 표면형과 품사가 사전 표제어와 정확히 일치,pending_full_occurrence_audit,둘 다 무난,A가 좀 더 유성음을 반영함,D:\10_LAYERS\05_search_master_pre_mfa_staging\pre_mfa_v1_20260725\2023\SDRW2300000171.csv
2023,SD2300170,SDRW2300000171.1.1.108,그것,7,아 방금 동생이 얘기한 것처럼 우리도 그것 때문에 갈등을,아 방금 동생이 얘기한 것처럼 우리도 그것 때문에 갈등을,position_exact,그것/NP,그것/NP,50d76c1feb05ec70c8ca01e913b8c6a7ea74b2bc026b9a344eb1ad118fb6e78a,그걷,pron_1,69074,NP,004,exact_single_morph_pos,eligible_occurrence_candidate,단일 형태소 표면형과 품사가 사전 표제어와 정확히 일치,pending_full_occurrence_audit,둘 다 무난,A가 좀 더 유성음을 반영함,D:\10_LAYERS\05_search_master_pre_mfa_staging\pre_mfa_v1_20260725\2023\SDRW2300000171.csv
2023,SD2300170,SDRW2300000171.1.1.108,그것,7,아 방금 동생이 얘기한 것처럼 우리도 그것 때문에 갈등을,아 방금 동생이 얘기한 것처럼 우리도 그것 때문에 갈등을,position_exact,그것/NP,그것/NP,ba149d0e89d3792c69caef9a316c02531b10d461de5963e32fac14b5d49dc533,그걷,pron_1,1304942,NNG,005,surface_only_pos_mismatch,reference_only,표면형은 같지만 Bareun 품사 NP와 사전 품사 NNG가 다름,pending_full_occurrence_audit,둘 다 무난,A가 좀 더 유성음을 반영함,D:\10_LAYERS\05_search_master_pre_mfa_staging\pre_mfa_v1_20260725\2023\SDRW2300000171.csv
2023,SD2300824,SDRW2300000839.1.1.168,못,12,손톱에 더 신경을 쓰는 거 같긴 했는데 요새도 손톱은 잘 신경을 못 쓰고 있긴 합니다.,손톱에 더 신경을 쓰는 거 같긴 했는데 요새도 손톱은 잘 신경을 못 쓰고 있긴 합니다,position_exact,못/MAG,못/MAG,0b44eb0d451b9f2dfa9308b5d21f4de7545f25956dc6dcc5373679bb37c033cd,몯,pron_1,153252,NNG,001,surface_only_pos_mismatch,reference_only,표면형은 같지만 Bareun 품사 MAG와 사전 품사 NNG가 다름,pending_full_occurrence_audit,,,D:\10_LAYERS\05_search_master_pre_mfa_staging\pre_mfa_v1_20260725\2023\SDRW2300000839.csv
2023,SD2300824,SDRW2300000839.1.1.168,못,12,손톱에 더 신경을 쓰는 거 같긴 했는데 요새도 손톱은 잘 신경을 못 쓰고 있긴 합니다.,손톱에 더 신경을 쓰는 거 같긴 했는데 요새도 손톱은 잘 신경을 못 쓰고 있긴 합니다,position_exact,못/MAG,못/MAG,b133ee650840de3760b501eed6496cb81333bb1e1db9e227be3acd1333caa11c,몯,pron_1,153466,NNG,002,surface_only_pos_mismatch,reference_only,표면형은 같지만 Bareun 품사 MAG와 사전 품사 NNG가 다름,pending_full_occurrence_audit,,,D:\10_LAYERS\05_search_master_pre_mfa_staging\pre_mfa_v1_20260725\2023\SDRW2300000839.csv
2023,SD2300824,SDRW2300000839.1.1.168,못,12,손톱에 더 신경을 쓰는 거 같긴 했는데 요새도 손톱은 잘 신경을 못 쓰고 있긴 합니다.,손톱에 더 신경을 쓰는 거 같긴 했는데 요새도 손톱은 잘 신경을 못 쓰고 있긴 합니다,position_exact,못/MAG,못/MAG,86b4e028a006b6e3c4785f8eb8337ee96d1dadd0470209562b500ffbe17980eb,몯,pron_1,568317,NNG,003,surface_only_pos_mismatch,reference_only,표면형은 같지만 Bareun 품사 MAG와 사전 품사 NNG가 다름,pending_full_occurrence_audit,,,D:\10_LAYERS\05_search_master_pre_mfa_staging\pre_mfa_v1_20260725\2023\SDRW2300000839.csv
2023,SD2300824,SDRW2300000839.1.1.168,못,12,손톱에 더 신경을 쓰는 거 같긴 했는데 요새도 손톱은 잘 신경을 못 쓰고 있긴 합니다.,손톱에 더 신경을 쓰는 거 같긴 했는데 요새도 손톱은 잘 신경을 못 쓰고 있긴 합니다,position_exact,못/MAG,못/MAG,bb657119b167a8ec3a36fd175322266137ced630c21ca806f79a98dfc3c51307,몯,pron_1,1633295,NNG,009,surface_only_pos_mismatch,reference_only,표면형은 같지만 Bareun 품사 MAG와 사전 품사 NNG가 다름,pending_full_occurrence_audit,,,D:\10_LAYERS\05_search_master_pre_mfa_staging\pre_mfa_v1_20260725\2023\SDRW2300000839.csv
2023,SD2301576,SDRW2300001404.1.1.42,열심히,2,더 열심히 해야 되겠단 생각이 들어.,더 열심히 해야 되겠단 생각이 들어,position_exact,열심히/MAG,열심히/MAG,0aeed42f30923d851085cad09bd55c06ced5f51ec1cc081d89dae6287a0d1292,열씸히,pron_1,229695,MAG,001,exact_single_morph_pos,eligible_occurrence_candidate,단일 형태소 표면형과 품사가 사전 표제어와 정확히 일치,pending_full_occurrence_audit,,,D:\10_LAYERS\05_search_master_pre_mfa_staging\pre_mfa_v1_20260725\2023\SDRW2300001404.csv
2023,SD2302150,SDRW2300001957.1.1.97,갖다,7,성장할 수 있는 성장분으로써의 그런 기회를 갖다 만들어 줄 수도 있고,성장할 수 있는 성장분으로써의 그런 기회를 갖다 만들어 줄 수도 있고,unique_surface_recovery,갖/VV+다/EF,갖/VV+다/EF,10485e721174ab7267e9e3fe8604a45d12feebc82c7ec38e9152a46db0685654,갇따,pron_1,29281,VV,001,predicate_dictionary_form_pos,eligible_occurrence_candidate,용언 어간+다/EF가 사전 -다 표제어와 품사까지 일치,pending_full_occurrence_audit,,,D:\10_LAYERS\05_search_master_pre_mfa_staging\pre_mfa_v1_20260725\2023\SDRW2300001957.csv
2023,SD2302150,SDRW2300001957.1.1.97,갖다,7,성장할 수 있는 성장분으로써의 그런 기회를 갖다 만들어 줄 수도 있고,성장할 수 있는 성장분으로써의 그런 기회를 갖다 만들어 줄 수도 있고,unique_surface_recovery,갖/VV+다/EF,갖/VV+다/EF,882c11a0d312bb80acf48c21886259e315a01053b32c95a0b84451fd689b57ef,갇따,pron_1,79579,VV,002,predicate_dictionary_form_pos,eligible_occurrence_candidate,용언 어간+다/EF가 사전 -다 표제어와 품사까지 일치,pending_full_occurrence_audit,,,D:\10_LAYERS\05_search_master_pre_mfa_staging\pre_mfa_v1_20260725\2023\SDRW2300001957.csv
2023,SD2302150,SDRW2300001957.1.1.97,갖다,7,성장할 수 있는 성장분으로써의 그런 기회를 갖다 만들어 줄 수도 있고,성장할 수 있는 성장분으로써의 그런 기회를 갖다 만들어 줄 수도 있고,unique_surface_recovery,갖/VV+다/EF,갖/VV+다/EF,225f296d00cbbfb4a242890bb1fc84a6fbfb0172e7d8b63a88519824c52dbe20,갇따,pron_1,79578,VV,003,predicate_dictionary_form_pos,eligible_occurrence_candidate,용언 어간+다/EF가 사전 -다 표제어와 품사까지 일치,pending_full_occurrence_audit,,,D:\10_LAYERS\05_search_master_pre_mfa_staging\pre_mfa_v1_20260725\2023\SDRW2300001957.csv
2023,SD2302150,SDRW2300001957.1.1.97,갖다,7,성장할 수 있는 성장분으로써의 그런 기회를 갖다 만들어 줄 수도 있고,성장할 수 있는 성장분으로써의 그런 기회를 갖다 만들어 줄 수도 있고,unique_surface_recovery,갖/VV+다/EF,갖/VV+다/EF,1e4731c23587aa4970aa1c34190e89632118f39e4b884486b1bbf56cb17f484c,갇따,pron_1,79578,VV,003,predicate_dictionary_form_pos,eligible_occurrence_candidate,용언 어간+다/EF가 사전 -다 표제어와 품사까지 일치,pending_full_occurrence_audit,,,D:\10_LAYERS\05_search_master_pre_mfa_staging\pre_mfa_v1_20260725\2023\SDRW2300001957.csv
2023,SD2302150,SDRW2300001957.1.1.97,갖다,7,성장할 수 있는 성장분으로써의 그런 기회를 갖다 만들어 줄 수도 있고,성장할 수 있는 성장분으로써의 그런 기회를 갖다 만들어 줄 수도 있고,unique_surface_recovery,갖/VV+다/EF,갖/VV+다/EF,7230cd8ef6e373e10b94b9c93e55aa94f647d95ee6174525e543d722ac5deaaf,갇따,pron_1,79533,VV,004,predicate_dictionary_form_pos,eligible_occurrence_candidate,용언 어간+다/EF가 사전 -다 표제어와 품사까지 일치,pending_full_occurrence_audit,,,D:\10_LAYERS\05_search_master_pre_mfa_staging\pre_mfa_v1_20260725\2023\SDRW2300001957.csv
2023,SD2302150,SDRW2300001957.1.1.97,갖다,7,성장할 수 있는 성장분으로써의 그런 기회를 갖다 만들어 줄 수도 있고,성장할 수 있는 성장분으로써의 그런 기회를 갖다 만들어 줄 수도 있고,unique_surface_recovery,갖/VV+다/EF,갖/VV+다/EF,a3715784509d98362f39b535afb9c3cce4990ff75f9593d06ea44c7fe016b560,갇따,pron_1,61129,VV,005,predicate_dictionary_form_pos,eligible_occurrence_candidate,용언 어간+다/EF가 사전 -다 표제어와 품사까지 일치,pending_full_occurrence_audit,,,D:\10_LAYERS\05_search_master_pre_mfa_staging\pre_mfa_v1_20260725\2023\SDRW2300001957.csv
2023,SD2302150,SDRW2300001957.1.1.97,갖다,7,성장할 수 있는 성장분으로써의 그런 기회를 갖다 만들어 줄 수도 있고,성장할 수 있는 성장분으로써의 그런 기회를 갖다 만들어 줄 수도 있고,unique_surface_recovery,갖/VV+다/EF,갖/VV+다/EF,77b10b8c9a7e26380e91066ce51378dc367dd16f6d131f50e87bfd1f45b2a7a1,갇따,pron_1,68222,VV,006,predicate_dictionary_form_pos,eligible_occurrence_candidate,용언 어간+다/EF가 사전 -다 표제어와 품사까지 일치,pending_full_occurrence_audit,,,D:\10_LAYERS\05_search_master_pre_mfa_staging\pre_mfa_v1_20260725\2023\SDRW2300001957.csv
2023,SD2302150,SDRW2300001957.1.1.97,갖다,7,성장할 수 있는 성장분으로써의 그런 기회를 갖다 만들어 줄 수도 있고,성장할 수 있는 성장분으로써의 그런 기회를 갖다 만들어 줄 수도 있고,unique_surface_recovery,갖/VV+다/EF,갖/VV+다/EF,d75430148c5b3008f68dd2cf35518b41b195795ea5d394e482b3d7808bc06d84,갇따,pron_1,68222,VV,006,predicate_dictionary_form_pos,eligible_occurrence_candidate,용언 어간+다/EF가 사전 -다 표제어와 품사까지 일치,pending_full_occurrence_audit,,,D:\10_LAYERS\05_search_master_pre_mfa_staging\pre_mfa_v1_20260725\2023\SDRW2300001957.csv
2023,SD2302150,SDRW2300001957.1.1.97,갖다,7,성장할 수 있는 성장분으로써의 그런 기회를 갖다 만들어 줄 수도 있고,성장할 수 있는 성장분으로써의 그런 기회를 갖다 만들어 줄 수도 있고,unique_surface_recovery,갖/VV+다/EF,갖/VV+다/EF,340bcb0f077b482539645df13b7762a7b388e1f9d128194fbd7a541e3ec25535,갇따,pron_1,70688,VV,007,predicate_dictionary_form_pos,eligible_occurrence_candidate,용언 어간+다/EF가 사전 -다 표제어와 품사까지 일치,pending_full_occurrence_audit,,,D:\10_LAYERS\05_search_master_pre_mfa_staging\pre_mfa_v1_20260725\2023\SDRW2300001957.csv
2023,SD2302150,SDRW2300001957.1.1.97,갖다,7,성장할 수 있는 성장분으로써의 그런 기회를 갖다 만들어 줄 수도 있고,성장할 수 있는 성장분으로써의 그런 기회를 갖다 만들어 줄 수도 있고,unique_surface_recovery,갖/VV+다/EF,갖/VV+다/EF,f9222b28587f1f96c9d93af119cec39ff608fce997f491651a08483d4d6bc2bd,갇따,pron_1,72309,VV,008,predicate_dictionary_form_pos,eligible_occurrence_candidate,용언 어간+다/EF가 사전 -다 표제어와 품사까지 일치,pending_full_occurrence_audit,,,D:\10_LAYERS\05_search_master_pre_mfa_staging\pre_mfa_v1_20260725\2023\SDRW2300001957.csv
2023,SD2302150,SDRW2300001957.1.1.97,갖다,7,성장할 수 있는 성장분으로써의 그런 기회를 갖다 만들어 줄 수도 있고,성장할 수 있는 성장분으로써의 그런 기회를 갖다 만들어 줄 수도 있고,unique_surface_recovery,갖/VV+다/EF,갖/VV+다/EF,8b3ef4b23b241dd4873a554e3b46714df9ab9a6a8edbd9fb13e0c00c6ce284fd,갇따,pron_1,72309,VV,008,predicate_dictionary_form_pos,eligible_occurrence_candidate,용언 어간+다/EF가 사전 -다 표제어와 품사까지 일치,pending_full_occurrence_audit,,,D:\10_LAYERS\05_search_master_pre_mfa_staging\pre_mfa_v1_20260725\2023\SDRW2300001957.csv
2023,SD2302150,SDRW2300001957.1.1.97,갖다,7,성장할 수 있는 성장분으로써의 그런 기회를 갖다 만들어 줄 수도 있고,성장할 수 있는 성장분으로써의 그런 기회를 갖다 만들어 줄 수도 있고,unique_surface_recovery,갖/VV+다/EF,갖/VV+다/EF,dce4c3142aba1ea91805a0ec2b8490b96f9f252b96c5f33725783f1f90881f05,갇따,pron_1,72597,VV,009,predicate_dictionary_form_pos,eligible_occurrence_candidate,용언 어간+다/EF가 사전 -다 표제어와 품사까지 일치,pending_full_occurrence_audit,,,D:\10_LAYERS\05_search_master_pre_mfa_staging\pre_mfa_v1_20260725\2023\SDRW2300001957.csv
2023,SD2302150,SDRW2300001957.1.1.97,갖다,7,성장할 수 있는 성장분으로써의 그런 기회를 갖다 만들어 줄 수도 있고,성장할 수 있는 성장분으로써의 그런 기회를 갖다 만들어 줄 수도 있고,unique_surface_recovery,갖/VV+다/EF,갖/VV+다/EF,78d88002163dc1d559b97dcf03073343978a51f6c59e3fe2bdaee722786c9ae6,갇따,pron_1,72171,VV,010,predicate_dictionary_form_pos,eligible_occurrence_candidate,용언 어간+다/EF가 사전 -다 표제어와 품사까지 일치,pending_full_occurrence_audit,,,D:\10_LAYERS\05_search_master_pre_mfa_staging\pre_mfa_v1_20260725\2023\SDRW2300001957.csv
2023,SD2302150,SDRW2300001957.1.1.97,갖다,7,성장할 수 있는 성장분으로써의 그런 기회를 갖다 만들어 줄 수도 있고,성장할 수 있는 성장분으로써의 그런 기회를 갖다 만들어 줄 수도 있고,unique_surface_recovery,갖/VV+다/EF,갖/VV+다/EF,e8fa4fe37407db7a54cb54d788b0d576da51634c1a76137d66de328b92ccfe76,갇따,pron_1,72171,VV,010,predicate_dictionary_form_pos,eligible_occurrence_candidate,용언 어간+다/EF가 사전 -다 표제어와 품사까지 일치,pending_full_occurrence_audit,,,D:\10_LAYERS\05_search_master_pre_mfa_staging\pre_mfa_v1_20260725\2023\SDRW2300001957.csv
2023,SD2302150,SDRW2300001957.1.1.97,갖다,7,성장할 수 있는 성장분으로써의 그런 기회를 갖다 만들어 줄 수도 있고,성장할 수 있는 성장분으로써의 그런 기회를 갖다 만들어 줄 수도 있고,unique_surface_recovery,갖/VV+다/EF,갖/VV+다/EF,737754d52b5aa667858936e9173c60ffa7bb5e63a4386cd535e955a5559c0165,갇따,pron_1,72821,VX,011,surface_only_morphologically_composed,reference_only,표면 철자는 같지만 여러 형태소로 구성되어 단일 사전 표제어의 발음을 이 occurrence에 적용할 근거가 없음,pending_full_occurrence_audit,,,D:\10_LAYERS\05_search_master_pre_mfa_staging\pre_mfa_v1_20260725\2023\SDRW2300001957.csv
2023,SD2302150,SDRW2300001957.1.1.97,갖다,7,성장할 수 있는 성장분으로써의 그런 기회를 갖다 만들어 줄 수도 있고,성장할 수 있는 성장분으로써의 그런 기회를 갖다 만들어 줄 수도 있고,unique_surface_recovery,갖/VV+다/EF,갖/VV+다/EF,86a5f20531481794081d94c241ed8b749185d78287ac5194d7e272239e4cc80d,갇따,pron_1,72821,VX,011,surface_only_morphologically_composed,reference_only,표면 철자는 같지만 여러 형태소로 구성되어 단일 사전 표제어의 발음을 이 occurrence에 적용할 근거가 없음,pending_full_occurrence_audit,,,D:\10_LAYERS\05_search_master_pre_mfa_staging\pre_mfa_v1_20260725\2023\SDRW2300001957.csv
2024,SD2400382,SDRW2400001430.1.1.162,맞아,2,아 맞아. 상가는 되게 위험한 거 같아.,아 맞아 상가는 되게 위험한 거 같아,position_exact,맞/VV+아/EF+./SF,맞/VV+아/EF+./SF,4b1f2b54c8d6d73258a1368ec1673587ae010ad85e1a616053e65b5ce4bda426,마자,pron_1,1786091,IC,001,surface_only_morphologically_composed,reference_only,표면 철자는 같지만 여러 형태소로 구성되어 단일 사전 표제어의 발음을 이 occurrence에 적용할 근거가 없음,pending_full_occurrence_audit,,,D:\10_LAYERS\05_search_master_pre_mfa_staging\pre_mfa_v1_20260725\2024\SDRW2400001430.csv
2024,SD2401282,SDRW2400001705.1.1.137,원래,3,고두심 씨가 원래 제주도 사람이어서,고두심 씨가 원래 제주도 사람이어서,position_exact,원래/MAG,원래/MAG,42bedb954d586bde4ba74ccb73388504d4131cb827c454e554286cacba1db5c3,월래,pron_1,242810,NNG,001,surface_only_pos_mismatch,reference_only,표면형은 같지만 Bareun 품사 MAG와 사전 품사 NNG가 다름,pending_full_occurrence_audit,,,D:\10_LAYERS\05_search_master_pre_mfa_staging\pre_mfa_v1_20260725\2024\SDRW2400001705.csv
2024,SD2401282,SDRW2400001705.1.1.137,원래,3,고두심 씨가 원래 제주도 사람이어서,고두심 씨가 원래 제주도 사람이어서,position_exact,원래/MAG,원래/MAG,4dd7075c5d40383e4e493fd3a5a32a097e84b6c8393025264bada4ac00ba493d,월래,pron_1,593460,MAG,002,exact_single_morph_pos,eligible_occurrence_candidate,단일 형태소 표면형과 품사가 사전 표제어와 정확히 일치,pending_full_occurrence_audit,,,D:\10_LAYERS\05_search_master_pre_mfa_staging\pre_mfa_v1_20260725\2024\SDRW2400001705.csv
2024,SD2401354,SDRW2400001833.1.1.34,금리,3,솔직히 그 금리 오른 부분이 좀 걱정이 돼 가지고,솔직히 그 금리 오른 부분이 좀 걱정이 돼 가지고,position_exact,금리/NNG,금리/NNG,2125b6038edaf1cbee97ffb8f10b46f1eff394992510422454546d3c9a779623,금니,pron_1,104022,NNG,001,exact_single_morph_pos,eligible_occurrence_candidate,단일 형태소 표면형과 품사가 사전 표제어와 정확히 일치,pending_full_occurrence_audit,,,D:\10_LAYERS\05_search_master_pre_mfa_staging\pre_mfa_v1_20260725\2024\SDRW2400001833.csv
2024,SD2401354,SDRW2400001833.1.1.34,금리,3,솔직히 그 금리 오른 부분이 좀 걱정이 돼 가지고,솔직히 그 금리 오른 부분이 좀 걱정이 돼 가지고,position_exact,금리/NNG,금리/NNG,f0277cc62cb7dad7e345a45b9ace48ff0581f4a0dbe818a5984e13ff2992650c,금니,pron_1,104022,NNG,001,exact_single_morph_pos,eligible_occurrence_candidate,단일 형태소 표면형과 품사가 사전 표제어와 정확히 일치,pending_full_occurrence_audit,,,D:\10_LAYERS\05_search_master_pre_mfa_staging\pre_mfa_v1_20260725\2024\SDRW2400001833.csv
2024,SD2401354,SDRW2400001833.1.1.34,금리,3,솔직히 그 금리 오른 부분이 좀 걱정이 돼 가지고,솔직히 그 금리 오른 부분이 좀 걱정이 돼 가지고,position_exact,금리/NNG,금리/NNG,4a12447c2565e182ec27922e6485ab4ad1a2059fcd0751ab0bf85dc101eecfd8,금니,pron_1,1395979,NNG,005,exact_single_morph_pos,eligible_occurrence_candidate,단일 형태소 표면형과 품사가 사전 표제어와 정확히 일치,pending_full_occurrence_audit,,,D:\10_LAYERS\05_search_master_pre_mfa_staging\pre_mfa_v1_20260725\2024\SDRW2400001833.csv
2024,SD2401354,SDRW2400001833.1.1.34,금리,3,솔직히 그 금리 오른 부분이 좀 걱정이 돼 가지고,솔직히 그 금리 오른 부분이 좀 걱정이 돼 가지고,position_exact,금리/NNG,금리/NNG,e20cd62c1910d55ef2b637233e40303f083db31cd93a2629f95e72b504f5a61f,금니,pron_1,1404718,NNG,006,exact_single_morph_pos,eligible_occurrence_candidate,단일 형태소 표면형과 품사가 사전 표제어와 정확히 일치,pending_full_occurrence_audit,,,D:\10_LAYERS\05_search_master_pre_mfa_staging\pre_mfa_v1_20260725\2024\SDRW2400001833.csv
2024,SD2401354,SDRW2400001833.1.1.34,금리,3,솔직히 그 금리 오른 부분이 좀 걱정이 돼 가지고,솔직히 그 금리 오른 부분이 좀 걱정이 돼 가지고,position_exact,금리/NNG,금리/NNG,ecf424b1676c7af62193714c6ff5c52f34b39f385d1f25d97eddb47754cc5849,금니,pron_1,1420578,NNG,007,exact_single_morph_pos,eligible_occurrence_candidate,단일 형태소 표면형과 품사가 사전 표제어와 정확히 일치,pending_full_occurrence_audit,,,D:\10_LAYERS\05_search_master_pre_mfa_staging\pre_mfa_v1_20260725\2024\SDRW2400001833.csv
2024,SD2401354,SDRW2400001833.1.1.34,솔직히,1,솔직히 그 금리 오른 부분이 좀 걱정이 돼 가지고,솔직히 그 금리 오른 부분이 좀 걱정이 돼 가지고,position_exact,솔직히/MAG,솔직히/MAG,e226ebba0c62644899e68ba9bb7d41134b76ce8e56606ddd8e33d50a6631ec77,솔찌키,pron_1,199962,MAG,001,exact_single_morph_pos,eligible_occurrence_candidate,단일 형태소 표면형과 품사가 사전 표제어와 정확히 일치,pending_full_occurrence_audit,,,D:\10_LAYERS\05_search_master_pre_mfa_staging\pre_mfa_v1_20260725\2024\SDRW2400001833.csv
2024,SD2401573,SDRW2400002230.1.1.266,못,1,못 하겠어.,못 하겠어,position_exact,못/MAG,못/MAG,0b44eb0d451b9f2dfa9308b5d21f4de7545f25956dc6dcc5373679bb37c033cd,몯,pron_1,153252,NNG,001,surface_only_pos_mismatch,reference_only,표면형은 같지만 Bareun 품사 MAG와 사전 품사 NNG가 다름,pending_full_occurrence_audit,,,D:\10_LAYERS\05_search_master_pre_mfa_staging\pre_mfa_v1_20260725\2024\SDRW2400002230.csv
2024,SD2401573,SDRW2400002230.1.1.266,못,1,못 하겠어.,못 하겠어,position_exact,못/MAG,못/MAG,b133ee650840de3760b501eed6496cb81333bb1e1db9e227be3acd1333caa11c,몯,pron_1,153466,NNG,002,surface_only_pos_mismatch,reference_only,표면형은 같지만 Bareun 품사 MAG와 사전 품사 NNG가 다름,pending_full_occurrence_audit,,,D:\10_LAYERS\05_search_master_pre_mfa_staging\pre_mfa_v1_20260725\2024\SDRW2400002230.csv
2024,SD2401573,SDRW2400002230.1.1.266,못,1,못 하겠어.,못 하겠어,position_exact,못/MAG,못/MAG,86b4e028a006b6e3c4785f8eb8337ee96d1dadd0470209562b500ffbe17980eb,몯,pron_1,568317,NNG,003,surface_only_pos_mismatch,reference_only,표면형은 같지만 Bareun 품사 MAG와 사전 품사 NNG가 다름,pending_full_occurrence_audit,,,D:\10_LAYERS\05_search_master_pre_mfa_staging\pre_mfa_v1_20260725\2024\SDRW2400002230.csv
2024,SD2401573,SDRW2400002230.1.1.266,못,1,못 하겠어.,못 하겠어,position_exact,못/MAG,못/MAG,bb657119b167a8ec3a36fd175322266137ced630c21ca806f79a98dfc3c51307,몯,pron_1,1633295,NNG,009,surface_only_pos_mismatch,reference_only,표면형은 같지만 Bareun 품사 MAG와 사전 품사 NNG가 다름,pending_full_occurrence_audit,,,D:\10_LAYERS\05_search_master_pre_mfa_staging\pre_mfa_v1_20260725\2024\SDRW2400002230.csv
2024,SD2401951,SDRW2400002901.1.1.111,수가,8,내가 가 내가 가고 싶은 과로 갈 수가 없더라고 내가.,내가 가 내가 가고 싶은 과로 갈 수가 없더라고 내가,unique_surface_recovery,수/NNB+가/JKS,수/NNB+가/JKS,8bda3d1960897af914cb0242ba02f12da4ede7b10dd417aafca9a6501156a6dd,수까,pron_1,500615,NNG,005,surface_only_morphologically_composed,reference_only,표면 철자는 같지만 여러 형태소로 구성되어 단일 사전 표제어의 발음을 이 occurrence에 적용할 근거가 없음,pending_full_occurrence_audit,A가 더 나음,B는 임의적으로 수까와 같은 발음이 있음,D:\10_LAYERS\05_search_master_pre_mfa_staging\pre_mfa_v1_20260725\2024\SDRW2400002901.csv
2024,SD2401951,SDRW2400002901.1.1.111,수가,8,내가 가 내가 가고 싶은 과로 갈 수가 없더라고 내가.,내가 가 내가 가고 싶은 과로 갈 수가 없더라고 내가,unique_surface_recovery,수/NNB+가/JKS,수/NNB+가/JKS,1cda09a09af422f41bbc40a26866cf8a6186428e2c3ac2bd1b4f0d894bc61b3d,수까,pron_1,500615,NNG,005,surface_only_morphologically_composed,reference_only,표면 철자는 같지만 여러 형태소로 구성되어 단일 사전 표제어의 발음을 이 occurrence에 적용할 근거가 없음,pending_full_occurrence_audit,A가 더 나음,B는 임의적으로 수까와 같은 발음이 있음,D:\10_LAYERS\05_search_master_pre_mfa_staging\pre_mfa_v1_20260725\2024\SDRW2400002901.csv
2025,SD2500590,SDRW2500000651.1.1.93,산불,13,저 양 영양 영 아 영주 영주시에서 어 10월 4일 날 산불 예방에 대해서 시제를 냈어요,저 양 영양 영 아 영주 영주시에서 어 시월 사 일 날 산불 예방에 대해서 시제를 냈어요,unique_surface_recovery,산불/NNG,산불/NNG,7887b2a7784a8569e2fd44c97a0f9e9e3b48b430c12e382b6926b3840ebccaa1,산뿔,pron_1,185139,NNG,002,exact_single_morph_pos,eligible_occurrence_candidate,단일 형태소 표면형과 품사가 사전 표제어와 정확히 일치,pending_full_occurrence_audit,,,D:\10_LAYERS\05_search_master_pre_mfa_staging\pre_mfa_v1_20260725\2025\SDRW2500000651.csv
2025,SD2500590,SDRW2500000651.1.1.93,산불,13,저 양 영양 영 아 영주 영주시에서 어 10월 4일 날 산불 예방에 대해서 시제를 냈어요,저 양 영양 영 아 영주 영주시에서 어 시월 사 일 날 산불 예방에 대해서 시제를 냈어요,unique_surface_recovery,산불/NNG,산불/NNG,7f9f351c5d61f5ffd1410bdffe353c473fba7890de53e7d0dc0446f962017c85,산뿔,pron_1,185139,NNG,002,exact_single_morph_pos,eligible_occurrence_candidate,단일 형태소 표면형과 품사가 사전 표제어와 정확히 일치,pending_full_occurrence_audit,,,D:\10_LAYERS\05_search_master_pre_mfa_staging\pre_mfa_v1_20260725\2025\SDRW2500000651.csv
2025,SD2500590,SDRW2500000651.1.1.93,산불,13,저 양 영양 영 아 영주 영주시에서 어 10월 4일 날 산불 예방에 대해서 시제를 냈어요,저 양 영양 영 아 영주 영주시에서 어 시월 사 일 날 산불 예방에 대해서 시제를 냈어요,unique_surface_recovery,산불/NNG,산불/NNG,dc82a706d98b6d401f1e1a5f4d128fb2a5fb663fabb77e3495b47a1d0d014c3d,산뿔,pron_1,1105232,NNG,003,exact_single_morph_pos,eligible_occurrence_candidate,단일 형태소 표면형과 품사가 사전 표제어와 정확히 일치,pending_full_occurrence_audit,,,D:\10_LAYERS\05_search_master_pre_mfa_staging\pre_mfa_v1_20260725\2025\SDRW2500000651.csv
2025,SD2500699,SDRW2500000793.1.1.22,굉장히,3,로키 산맥이라고 굉장히 큰 유명한 산맥이 있거든요.,로키 산맥이라고 굉장히 큰 유명한 산맥이 있거든요,unique_surface_recovery,굉장히/MAG,굉장히/MAG,0e0709dde22e189bc055d3f84db29dea11d51fec3c9a22c4f6fcb7d9c2dd4e36,궹장히,pron_2,5084,MAG,001,exact_single_morph_pos,eligible_occurrence_candidate,단일 형태소 표면형과 품사가 사전 표제어와 정확히 일치,pending_full_occurrence_audit,,,D:\10_LAYERS\05_search_master_pre_mfa_staging\pre_mfa_v1_20260725\2025\SDRW2500000793.csv
2025,SD2500699,SDRW2500000793.1.1.22,굉장히,3,로키 산맥이라고 굉장히 큰 유명한 산맥이 있거든요.,로키 산맥이라고 굉장히 큰 유명한 산맥이 있거든요,unique_surface_recovery,굉장히/MAG,굉장히/MAG,878fbaa8eae911a9d08a4b294c6a04415685bbbc49c8e8f0178d47335cb513e8,궹장히,pron_2,33882,MAG,002,exact_single_morph_pos,eligible_occurrence_candidate,단일 형태소 표면형과 품사가 사전 표제어와 정확히 일치,pending_full_occurrence_audit,,,D:\10_LAYERS\05_search_master_pre_mfa_staging\pre_mfa_v1_20260725\2025\SDRW2500000793.csv
2025,SD2500749,SDRW2500000869.1.1.220,갑자기,6,바로 우리 옆에 있는 남편이 갑자기 가슴이 아프다는 거야. 그래 가지고,바로 우리 옆에 있는 남편이 갑자기 가슴이 아프다는 거야 그래 가지고,position_exact,갑자기/MAG,갑자기/MAG,b4958e46fcbb48cce18531c1defcea263fca35105b130c174e0427014896b46f,갑짜기,pron_1,77943,MAG,001,exact_single_morph_pos,eligible_occurrence_candidate,단일 형태소 표면형과 품사가 사전 표제어와 정확히 일치,pending_full_occurrence_audit,,,D:\10_LAYERS\05_search_master_pre_mfa_staging\pre_mfa_v1_20260725\2025\SDRW2500000869.csv
2025,SD2500910,SDRW2500001067.1.1.114,식사,11,뭐 설렁탕이나 뭐 그 뭐 뭐 이런 거 하나 인제 식사 기본 한 1끼 먹는 데 뭐,뭐 설렁탕이나 뭐 그 뭐 뭐 이런 거 하나 인제 식사 기본 한 한 끼 먹는 데 뭐,unique_surface_recovery,식사/NNG,식사/NNG,038c50211167ca86853a357d9ace67b016a2666ac1230ed619adbe1e8eba853d,식싸,pron_1,390613,NNG,001,exact_single_morph_pos,eligible_occurrence_candidate,단일 형태소 표면형과 품사가 사전 표제어와 정확히 일치,pending_full_occurrence_audit,,,D:\10_LAYERS\05_search_master_pre_mfa_staging\pre_mfa_v1_20260725\2025\SDRW2500001067.csv
2025,SD2500910,SDRW2500001067.1.1.114,식사,11,뭐 설렁탕이나 뭐 그 뭐 뭐 이런 거 하나 인제 식사 기본 한 1끼 먹는 데 뭐,뭐 설렁탕이나 뭐 그 뭐 뭐 이런 거 하나 인제 식사 기본 한 한 끼 먹는 데 뭐,unique_surface_recovery,식사/NNG,식사/NNG,13e903707e8adafd62beae2dacdc5ac9291b31d82bf07e2e676e15f5eb28970b,식싸,pron_1,210375,NNG,002,exact_single_morph_pos,eligible_occurrence_candidate,단일 형태소 표면형과 품사가 사전 표제어와 정확히 일치,pending_full_occurrence_audit,,,D:\10_LAYERS\05_search_master_pre_mfa_staging\pre_mfa_v1_20260725\2025\SDRW2500001067.csv
2025,SD2500910,SDRW2500001067.1.1.114,식사,11,뭐 설렁탕이나 뭐 그 뭐 뭐 이런 거 하나 인제 식사 기본 한 1끼 먹는 데 뭐,뭐 설렁탕이나 뭐 그 뭐 뭐 이런 거 하나 인제 식사 기본 한 한 끼 먹는 데 뭐,unique_surface_recovery,식사/NNG,식사/NNG,149c7ba6426048498030cfda92353e664274b1f44424576008a305e337e11956,식싸,pron_1,210377,NNG,003,exact_single_morph_pos,eligible_occurrence_candidate,단일 형태소 표면형과 품사가 사전 표제어와 정확히 일치,pending_full_occurrence_audit,,,D:\10_LAYERS\05_search_master_pre_mfa_staging\pre_mfa_v1_20260725\2025\SDRW2500001067.csv
2025,SD2500910,SDRW2500001067.1.1.114,식사,11,뭐 설렁탕이나 뭐 그 뭐 뭐 이런 거 하나 인제 식사 기본 한 1끼 먹는 데 뭐,뭐 설렁탕이나 뭐 그 뭐 뭐 이런 거 하나 인제 식사 기본 한 한 끼 먹는 데 뭐,unique_surface_recovery,식사/NNG,식사/NNG,51f66278f9ce1e2ff6e20fed9dac443532f6bf55108f954953a7a5e52c206706,식싸,pron_1,210379,NNG,004,exact_single_morph_pos,eligible_occurrence_candidate,단일 형태소 표면형과 품사가 사전 표제어와 정확히 일치,pending_full_occurrence_audit,,,D:\10_LAYERS\05_search_master_pre_mfa_staging\pre_mfa_v1_20260725\2025\SDRW2500001067.csv
2025,SD2500910,SDRW2500001067.1.1.114,식사,11,뭐 설렁탕이나 뭐 그 뭐 뭐 이런 거 하나 인제 식사 기본 한 1끼 먹는 데 뭐,뭐 설렁탕이나 뭐 그 뭐 뭐 이런 거 하나 인제 식사 기본 한 한 끼 먹는 데 뭐,unique_surface_recovery,식사/NNG,식사/NNG,eebdb40dd97428a1637cf139a706b3de6efea1af445fa92f63bd8cbc7f0c924d,식싸,pron_1,210380,NNG,005,exact_single_morph_pos,eligible_occurrence_candidate,단일 형태소 표면형과 품사가 사전 표제어와 정확히 일치,pending_full_occurrence_audit,,,D:\10_LAYERS\05_search_master_pre_mfa_staging\pre_mfa_v1_20260725\2025\SDRW2500001067.csv
2025,SD2500910,SDRW2500001067.1.1.114,식사,11,뭐 설렁탕이나 뭐 그 뭐 뭐 이런 거 하나 인제 식사 기본 한 1끼 먹는 데 뭐,뭐 설렁탕이나 뭐 그 뭐 뭐 이런 거 하나 인제 식사 기본 한 한 끼 먹는 데 뭐,unique_surface_recovery,식사/NNG,식사/NNG,4c742f728bbcafb893c397e2ffe6f1eb69d3d517720e54ef33ead6cc9d4c80f8,식싸,pron_1,574609,NNG,006,exact_single_morph_pos,eligible_occurrence_candidate,단일 형태소 표면형과 품사가 사전 표제어와 정확히 일치,pending_full_occurrence_audit,,,D:\10_LAYERS\05_search_master_pre_mfa_staging\pre_mfa_v1_20260725\2025\SDRW2500001067.csv
2025,SD2500910,SDRW2500001067.1.1.114,식사,11,뭐 설렁탕이나 뭐 그 뭐 뭐 이런 거 하나 인제 식사 기본 한 1끼 먹는 데 뭐,뭐 설렁탕이나 뭐 그 뭐 뭐 이런 거 하나 인제 식사 기본 한 한 끼 먹는 데 뭐,unique_surface_recovery,식사/NNG,식사/NNG,5176d2b23cd86cd479ba0d7d0c77e9b79c04798c86cd1f8fef8c9eb834d442ce,식싸,pron_1,210381,NNG,007,exact_single_morph_pos,eligible_occurrence_candidate,단일 형태소 표면형과 품사가 사전 표제어와 정확히 일치,pending_full_occurrence_audit,,,D:\10_LAYERS\05_search_master_pre_mfa_staging\pre_mfa_v1_20260725\2025\SDRW2500001067.csv
2025,SD2500910,SDRW2500001067.1.1.114,식사,11,뭐 설렁탕이나 뭐 그 뭐 뭐 이런 거 하나 인제 식사 기본 한 1끼 먹는 데 뭐,뭐 설렁탕이나 뭐 그 뭐 뭐 이런 거 하나 인제 식사 기본 한 한 끼 먹는 데 뭐,unique_surface_recovery,식사/NNG,식사/NNG,8ceb8784f37e5a682d1494904807a8d65bc0bb45b7c3d46b78026bde2ba15426,식싸,pron_1,1529986,NNG,008,exact_single_morph_pos,eligible_occurrence_candidate,단일 형태소 표면형과 품사가 사전 표제어와 정확히 일치,pending_full_occurrence_audit,,,D:\10_LAYERS\05_search_master_pre_mfa_staging\pre_mfa_v1_20260725\2025\SDRW2500001067.csv
2025,SD2502003,SARW2500000013.1.1.95,각각,6,그런 애들이 서로 똑같은 규칙으로 각각 똑같은 규칙으로 해야 서로 통신을 하는 거거든요.,그런 애들이 서로 똑같은 규칙으로 각각 똑같은 규칙으로 해야 서로 통신을 하는 거거든요,position_exact,각각/MAG,각각/MAG,c9b5d593279ffbb02fe32cd4b3f22dea05383aeadfae6cc76d31a1a3ae3302a9,각깍,pron_1,75852,NNG,001,surface_only_pos_mismatch,reference_only,표면형은 같지만 Bareun 품사 MAG와 사전 품사 NNG가 다름,pending_full_occurrence_audit,,,D:\10_LAYERS\05_search_master_pre_mfa_staging\pre_mfa_v1_20260725\2025\SARW2500000013.csv
2025,SD2502003,SARW2500000013.1.1.95,각각,6,그런 애들이 서로 똑같은 규칙으로 각각 똑같은 규칙으로 해야 서로 통신을 하는 거거든요.,그런 애들이 서로 똑같은 규칙으로 각각 똑같은 규칙으로 해야 서로 통신을 하는 거거든요,position_exact,각각/MAG,각각/MAG,b54960a0eb2bcedff44894f59604d84c9943b33680f714f4837852ca2ae9eaca,각깍,pron_1,75852,NNG,001,surface_only_pos_mismatch,reference_only,표면형은 같지만 Bareun 품사 MAG와 사전 품사 NNG가 다름,pending_full_occurrence_audit,,,D:\10_LAYERS\05_search_master_pre_mfa_staging\pre_mfa_v1_20260725\2025\SARW2500000013.csv
2025,SD2502003,SARW2500000013.1.1.95,각각,6,그런 애들이 서로 똑같은 규칙으로 각각 똑같은 규칙으로 해야 서로 통신을 하는 거거든요.,그런 애들이 서로 똑같은 규칙으로 각각 똑같은 규칙으로 해야 서로 통신을 하는 거거든요,position_exact,각각/MAG,각각/MAG,09c931c50111bf3680eda1a4e4341d2ef3952eed8b114655573b5e76dd91f5b5,각깍,pron_1,375704,MAG,002,exact_single_morph_pos,eligible_occurrence_candidate,단일 형태소 표면형과 품사가 사전 표제어와 정확히 일치,pending_full_occurrence_audit,,,D:\10_LAYERS\05_search_master_pre_mfa_staging\pre_mfa_v1_20260725\2025\SARW2500000013.csv
2025,SD2502003,SARW2500000013.1.1.95,각각,6,그런 애들이 서로 똑같은 규칙으로 각각 똑같은 규칙으로 해야 서로 통신을 하는 거거든요.,그런 애들이 서로 똑같은 규칙으로 각각 똑같은 규칙으로 해야 서로 통신을 하는 거거든요,position_exact,각각/MAG,각각/MAG,807b339b4e6b880e212ba16a0d26da62cfd676fe4806a765da8760e4d97e06cc,각깍,pron_1,75853,NNG,003,surface_only_pos_mismatch,reference_only,표면형은 같지만 Bareun 품사 MAG와 사전 품사 NNG가 다름,pending_full_occurrence_audit,,,D:\10_LAYERS\05_search_master_pre_mfa_staging\pre_mfa_v1_20260725\2025\SARW2500000013.csv
