projection_status,diagnostic_layer,diagnostic_class,edit_signature,target_count,source_type_count,total_occurrences,count_2020,count_2021,count_2022,count_2023,count_2024,count_2025,example_targets_json
hold_no_unanimous_exact_context_donor,substantive_difference_candidate,single_cross_group_substitution,SUB:JJ>D,485,552,223131,23083,56219,35453,27025,41286,40065,"[""읻꼬"", ""읻짜나"", ""읻따"", ""읻끼"", ""읻쏙""]"
hold_no_unanimous_exact_context_donor,substantive_difference_candidate,single_cross_group_substitution,SUB:NG>N,8962,8985,99395,12554,21600,14445,13385,17854,19557,"[""인가니"", ""뜬그멉씨"", ""한순가네"", ""싱무린간"", ""부란감""]"
hold_no_unanimous_exact_context_donor,substantive_difference_candidate,single_rule_unit_missing_from_candidate,RULE_ONLY:G,2287,2308,54907,6119,11219,8933,7803,9811,11022,"[""적끔"", ""죽꼬"", ""적꼬"", ""작꼬"", ""박꼬""]"
hold_no_unanimous_exact_context_donor,substantive_difference_candidate,mixed_or_cross_group_difference,RULE_ONLY:P;SUB:B>Y,2500,2508,50035,6710,8305,5804,7682,9266,12268,"[""펴닌"", ""펴니"", ""국까대표"", ""펴닙"", ""편집또""]"
hold_no_unanimous_exact_context_donor,substantive_difference_candidate,mixed_or_cross_group_difference,RULE_ONLY:CH;SUB:J>W,1424,1424,33516,3518,7287,5044,4436,6806,6425,"[""취해써"", ""취업삐자"", ""최그네"", ""최그네는"", ""취어블""]"
hold_no_unanimous_exact_context_donor,substantive_difference_candidate,mixed_or_cross_group_difference,SUB:NG>G;RULE_ONLY:Y,571,571,32360,4713,8035,5421,3891,5469,4831,"[""학꾜"", ""서울대학꾜"", ""강원대학꾜"", ""부산대학꾜"", ""충남대학꾜""]"
hold_no_unanimous_exact_context_donor,substantive_difference_candidate,single_cross_group_substitution,SUB:J>D,752,802,26003,2555,6587,4245,2903,5378,4335,"[""맏꼬"", ""맏찝"", ""맏따"", ""맏쌀"", ""맏썬""]"
hold_no_unanimous_exact_context_donor,substantive_difference_candidate,multiple_segment_count_difference,RULE_ONLY:G;RULE_ONLY:Y,684,685,23808,3914,4527,3820,2635,5553,3359,"[""고등학꾜"", ""중학꾜"", ""초등학꾜"", ""중고등학꾜"", ""학꾜의""]"
hold_no_unanimous_exact_context_donor,substantive_difference_candidate,single_cross_group_substitution,SUB:M>N,1879,1881,17522,2717,3010,2216,2837,2785,3957,"[""신바리"", ""아랜비"", ""번버니"", ""신바릐"", ""전복쭉""]"
hold_no_unanimous_exact_context_donor,substantive_difference_candidate,single_cross_group_substitution,SUB:M>B,612,616,16944,2106,3884,2800,2855,2616,2683,"[""십꼬"", ""입꼬"", ""잡꼬"", ""입끼"", ""입꾸""]"
hold_no_unanimous_exact_context_donor,substantive_difference_candidate,single_cross_group_substitution,SUB:NG>G,1492,1501,14692,1952,2745,2145,2244,2922,2684,"[""학끼"", ""역싸"", ""악끼"", ""죽끼"", ""역싸가""]"
hold_no_unanimous_exact_context_donor,substantive_difference_candidate,mixed_or_cross_group_difference,SUB:JJ>D;RULE_ONLY:Y,63,66,10653,1761,1380,1156,1672,1747,2937,"[""읻꺼드뇨"", ""읻따면"", ""읻따며는"", ""읻껟쬬"", ""읻따며""]"
hold_no_unanimous_exact_context_donor,substantive_difference_candidate,mixed_or_cross_group_difference,RULE_ONLY:L;SUB:N>Y,1026,1027,7139,611,1986,844,857,1515,1326,"[""시룡"", ""바렬"", ""이룡"", ""커프룡"", ""능려기""]"
hold_no_unanimous_exact_context_donor,substantive_difference_candidate,single_rule_unit_missing_from_candidate,RULE_ONLY:Y,844,854,6667,890,1367,1186,826,1402,996,"[""액쎤"", ""이뱡"", ""캡쓜"", ""옵쎤"", ""업꼐""]"
hold_no_unanimous_exact_context_donor,substantive_difference_candidate,mixed_or_cross_group_difference,RULE_ONLY:K;SUB:G>W,915,915,5745,614,1259,836,632,1123,1281,"[""배콰점"", ""유쾨"", ""스콷"", ""노콰"", ""구쾨""]"
hold_no_unanimous_exact_context_donor,substantive_difference_candidate,mixed_or_cross_group_difference,RULE_ONLY:D;SUB:J>CH;SUB:J>W,119,120,5432,470,1405,948,629,1030,950,"[""맏춰서"", ""맏춰"", ""맏춰가는"", ""맏춰진"", ""맏춰가지고""]"
hold_no_unanimous_exact_context_donor,substantive_difference_candidate,mixed_or_cross_group_difference,RULE_ONLY:P;SUB:B>Y;RULE_ONLY:Y,654,654,4466,641,843,579,630,737,1036,"[""사너평명"", ""펴뉵"", ""평규닌"", ""편혀파다"", ""평생교육싸""]"
hold_no_unanimous_exact_context_donor,substantive_difference_candidate,mixed_or_cross_group_difference,SUB:E>AE;RULE_ONLY:Y;RULE_ONLY:H;RULE_ONLY:Y,2,2,3597,122,933,608,386,862,686,"[""왜냐하며는"", ""왜냐하며니""]"
hold_no_unanimous_exact_context_donor,substantive_difference_candidate,mixed_or_cross_group_difference,SUB:NG>G;RULE_ONLY:W,519,519,3514,458,764,534,613,579,566,"[""학꽈"", ""학쌩회"", ""간호학꽈"", ""악꽈"", ""식쌩활""]"
hold_no_unanimous_exact_context_donor,substantive_difference_candidate,mixed_or_cross_group_difference,RULE_ONLY:T;SUB:D>Y,499,509,3489,307,698,468,475,664,877,"[""꼬턍기"", ""마텽"", ""부텨"", ""가텨"", ""부텨서""]"
hold_no_unanimous_exact_context_donor,substantive_difference_candidate,mixed_or_cross_group_difference,RULE_ONLY:P;SUB:B>Y;RULE_ONLY:L,208,209,3228,63,965,440,216,739,805,"[""펼리하다"", ""펼리"", ""펼람"", ""펼리한"", ""펼리하게""]"
hold_no_unanimous_exact_context_donor,substantive_difference_candidate,mixed_or_cross_group_difference,RULE_ONLY:W;SUB:E>AE;SUB:NG>N,82,83,3142,264,788,671,409,569,441,"[""괜찬코"", ""괜찬케"", ""괜찬켇따"", ""괜찬켇찌"", ""괜찬커든""]"
hold_no_unanimous_exact_context_donor,substantive_difference_candidate,mixed_or_cross_group_difference,RULE_ONLY:P;SUB:B>Y;RULE_ONLY:EU_G,135,135,2971,489,542,415,347,618,560,"[""펴늬점"", ""펴늬"", ""펴늬상"", ""펴늬시설"", ""펴늬주의""]"
hold_no_unanimous_exact_context_donor,substantive_difference_candidate,mixed_or_cross_group_difference,RULE_ONLY:Y;SUB:NG>N,929,929,2537,328,581,413,305,464,446,"[""벼란간"", ""녀닌가"", ""장녀닌가"", ""항년까지"", ""재장녀닌가""]"
hold_no_unanimous_exact_context_donor,substantive_difference_candidate,mixed_or_cross_group_difference,SUB:NG>N;RULE_ONLY:Y,407,407,2401,354,360,277,487,336,587,"[""잔그뉵"", ""인신공격썽"", ""군기교육때"", ""민간자격쯩"", ""한구거교원""]"
hold_no_unanimous_exact_context_donor,substantive_difference_candidate,mixed_or_cross_group_difference,RULE_ONLY:D;SUB:JJ>Y,2,2,2365,278,229,297,254,445,862,"[""읻쬬"", ""읻쪋""]"
hold_no_unanimous_exact_context_donor,substantive_difference_candidate,mixed_or_cross_group_difference,RULE_ONLY:T;SUB:D>W,472,472,2152,212,388,427,305,316,504,"[""튀기몯"", ""닥튀김"", ""로보톼"", ""으너튀김"", ""튀기무동""]"
hold_no_unanimous_exact_context_donor,substantive_difference_candidate,mixed_or_cross_group_difference,SUB:NG>G;SUB:N>L,418,418,2095,220,466,289,322,380,418,"[""독리분동"", ""적립씩"", ""독리분동가"", ""독립씸"", ""녹로키""]"
hold_no_unanimous_exact_context_donor,substantive_difference_candidate,mixed_or_cross_group_difference,SUB:M>N;RULE_ONLY:Y,211,212,1963,202,531,287,233,372,338,"[""단백찔셰이크"", ""선바녕"", ""신변잡끼"", ""신붕면"", ""선부냥""]"
hold_no_unanimous_exact_context_donor,substantive_difference_candidate,single_rule_unit_missing_from_candidate,RULE_ONLY:B,468,469,1957,185,397,358,277,316,424,"[""덥빱"", ""집빱"", ""압빡"", ""옥탑빵"", ""컵빱""]"
hold_no_unanimous_exact_context_donor,substantive_difference_candidate,mixed_or_cross_group_difference,RULE_ONLY:G;SUB:NG>L;SUB:N>Y,414,414,1874,244,515,244,191,315,365,"[""수익류리"", ""기억려기"", ""폭려글"", ""폭력쩌긴"", ""폭려기""]"
hold_no_unanimous_exact_context_donor,substantive_difference_candidate,mixed_or_cross_group_difference,RULE_ONLY:W;SUB:NG>N,515,515,1758,174,371,307,262,334,310,"[""관객썩"", ""확씬감"", ""환급끔"", ""귀찬코"", ""귀찬케""]"
hold_no_unanimous_exact_context_donor,substantive_difference_candidate,mixed_or_cross_group_difference,RULE_ONLY:CH;SUB:J>W;RULE_ONLY:Y,287,287,1714,177,449,332,214,296,246,"[""촤령"", ""촤령소"", ""수중촤령"", ""촤령기"", ""촤령을""]"
hold_no_unanimous_exact_context_donor,substantive_difference_candidate,mixed_or_cross_group_difference,RULE_ONLY:Y;RULE_ONLY:L;SUB:N>Y,211,211,1697,149,449,307,219,285,288,"[""경려기"", ""경려글"", ""영향려기"", ""영향려글"", ""경력또""]"
hold_no_unanimous_exact_context_donor,substantive_difference_candidate,mixed_or_cross_group_difference,RULE_ONLY:S;SUB:SS>Y;SUB:B>P,114,114,1423,18,289,192,219,302,403,"[""쇼핑모를"", ""쇼핑모레서"", ""쇼핑모리"", ""쇼핑모레"", ""쇼핑모른""]"
hold_no_unanimous_exact_context_donor,substantive_difference_candidate,single_rule_unit_missing_from_candidate,RULE_ONLY:H,229,229,1321,237,135,141,101,363,344,"[""시러핻떤"", ""시러해써"", ""시러해써요"", ""시러핻꼬"", ""시러핻꺼든""]"
hold_no_unanimous_exact_context_donor,substantive_difference_candidate,mixed_or_cross_group_difference,RULE_ONLY:W;SUB:E>AE,406,406,1311,182,284,243,173,206,223,"[""흑뙈지"", ""멛뙈지"", ""꼳뙈지"", ""홷때"", ""홷뿔""]"
hold_no_unanimous_exact_context_donor,substantive_difference_candidate,mixed_or_cross_group_difference,SUB:J>D;RULE_ONLY:Y,147,149,1151,114,244,230,131,213,219,"[""맏꾜대"", ""맏쬬"", ""맏껴"", ""맏껴야"", ""맏껴서""]"
hold_no_unanimous_exact_context_donor,substantive_difference_candidate,single_rule_unit_missing_from_candidate,RULE_ONLY:D,175,175,1133,149,303,195,140,164,182,"[""이곧쩌곧"", ""녿치다"", ""부딛치다"", ""부딛침"", ""녿치고""]"
hold_no_unanimous_exact_context_donor,substantive_difference_candidate,mixed_or_cross_group_difference,SUB:NG>N;RULE_ONLY:EU_G,29,29,1091,54,381,70,66,207,313,"[""인가늬"", ""한구기늬"", ""순가늬"", ""친구부늬"", ""한궁마늬""]"
hold_no_unanimous_exact_context_donor,substantive_difference_candidate,mixed_or_cross_group_difference,SUB:JJ>D;RULE_ONLY:N,31,32,1087,69,362,243,150,168,95,"[""읻껜네"", ""읻껜는데"", ""읻껜네요"", ""읻껜니"", ""읻껜나""]"
hold_no_unanimous_exact_context_donor,substantive_difference_candidate,mixed_or_cross_group_difference,SUB:NG>N;RULE_ONLY:W,340,340,1051,192,302,104,131,176,146,"[""한구괴대"", ""불근귀거북"", ""윤곽썬"", ""인궈늘"", ""인궈니""]"
hold_candidate_only_deletion_requires_policy,substantive_difference_candidate,single_candidate_unit_extra,CANDIDATE_ONLY:I,182,183,1028,66,163,126,166,216,291,"[""갑쌍선"", ""갑쌍샘"", ""밥쌍머리"", ""캡싸이신"", ""곱쓸""]"
hold_no_unanimous_exact_context_donor,substantive_difference_candidate,mixed_or_cross_group_difference,RULE_ONLY:P;SUB:B>Y;SUB:NG>N,81,81,910,156,80,84,168,112,310,"[""편곡짜"", ""펴닌가요"", ""펴니신가요"", ""펴닌가"", ""편고글""]"
hold_no_unanimous_exact_context_donor,substantive_difference_candidate,mixed_or_cross_group_difference,SUB:NG>N;SUB:NG>G,120,121,881,110,183,143,114,176,155,"[""한국씨리즈"", ""인구학짜"", ""전국씨대"", ""한국꺼래소"", ""한국쩐쟁""]"
hold_no_unanimous_exact_context_donor,substantive_difference_candidate,multiple_segment_count_difference,RULE_ONLY:D;RULE_ONLY:W,113,113,880,92,231,154,119,157,127,"[""늗춰지다"", ""맏춰야"", ""갇춰야"", ""갇춰진"", ""맏춰야지""]"
hold_no_unanimous_exact_context_donor,substantive_difference_candidate,mixed_or_cross_group_difference,RULE_ONLY:B;SUB:M>L;SUB:N>Y,175,175,867,56,223,77,51,202,258,"[""입려글"", ""입려캐"", ""답례푸믈"", ""입려기"", ""시럽류리""]"
hold_no_unanimous_exact_context_donor,substantive_difference_candidate,mixed_or_cross_group_difference,RULE_ONLY:Y;SUB:M>N,180,180,864,122,194,127,123,121,177,"[""장년부터"", ""년바께"", ""항년부터"", ""장년보다"", ""장년보다는""]"
hold_no_unanimous_exact_context_donor,substantive_difference_candidate,mixed_or_cross_group_difference,RULE_ONLY:W;RULE_ONLY:G;SUB:NG>L;SUB:N>Y,42,42,837,57,271,111,85,166,147,"[""확류리"", ""확류른"", ""확률저그로"", ""확류를"", ""회복려기""]"
hold_no_unanimous_exact_context_donor,substantive_difference_candidate,mixed_or_cross_group_difference,SUB:M>N;SUB:NG>N,96,96,814,72,196,124,85,168,169,"[""이런반구"", ""인는가"", ""인는게"", ""인는가에"", ""인는가요""]"
hold_no_unanimous_exact_context_donor,substantive_difference_candidate,multiple_segment_count_difference,RULE_ONLY:G;RULE_ONLY:W,177,177,809,82,186,169,90,130,152,"[""체육꽌"", ""직꽌"", ""수족꽌"", ""복꿘"", ""식꿘""]"
hold_candidate_only_deletion_requires_policy,substantive_difference_candidate,multiple_segment_count_difference,RULE_ONLY:Y;CANDIDATE_ONLY:Y,28,28,410,31,83,56,93,110,37,"[""자격쯩은"", ""부자굥은"", ""그뮹은"", ""이명웅이랑"", ""보굥은""]"
hold_candidate_only_deletion_requires_policy,substantive_difference_candidate,mixed_or_cross_group_difference,CANDIDATE_ONLY:D;SUB:Y>S,28,28,275,10,60,34,36,62,73,"[""오싀"", ""로보싀"", ""인터네싀"", ""날거싀"", ""버서싀""]"
hold_no_unanimous_exact_context_donor,contrast_review_required,single_contrast_within_acoustic_model_group,SUB:G>K,28,28,97,59,16,1,2,15,4,"[""심서킈"", ""심서킈가"", ""심서킈는"", ""손서킈"", ""심서킈도""]"
hold_candidate_only_deletion_requires_policy,representation_review_required,run_length_difference_without_complete_length_support,CANDIDATE_ONLY:I,24,24,94,10,26,19,6,10,23,"[""시닙싸원"", ""그립씀니다"", ""깁씀니다"", ""빕쓰가"", ""빕쓰는""]"
hold_no_unanimous_exact_context_donor,contrast_review_required,multiple_contrasts_within_acoustic_model_group,SUB:K>G;SUB:D>T,2,2,2,0,2,0,0,0,0,"[""럭삐팀"", ""럭삐티미""]"
